step,molindx,prediction_error,predicted_value,true_value,mae
5,1963,16.1108,9.2030,-6.9078,1.4035
8,4136,15.1380,-2.2396,12.8985,1.5807
29,3948,13.5145,8.0536,-5.4608,1.4202
31,2552,13.9814,-1.1992,12.7822,1.5381
52,3553,12.7610,-0.5080,12.2530,1.4740
53,2989,12.4963,-1.0191,-13.5154,1.5507
54,3394,12.7347,8.1878,-4.5469,1.4663
55,2431,12.5221,7.3371,-5.1850,1.5616
65,4326,12.3321,-1.7355,10.5966,1.6059
66,425,12.1591,0.3231,12.4822,1.4115
72,3979,12.2426,-2.0768,10.1659,1.4790
93,4239,11.9563,9.8360,-2.1203,1.4884
97,3289,11.3889,-2.2511,9.1378,1.5630
102,2089,11.0683,5.2591,-5.8091,1.3953
106,3962,11.2961,0.3030,11.5991,1.5410
114,1791,12.0416,0.1377,12.1793,1.5065
117,4361,10.9371,-5.3294,5.6077,1.4400
123,2240,12.0147,-7.0731,4.9416,1.3924
144,4312,10.1204,1.7166,-8.4039,1.5050
147,3741,10.1260,1.0244,11.1504,1.5025
150,1199,10.7172,4.8742,-5.8430,1.4298
153,4588,9.8502,-2.9424,6.9078,1.4386
169,202,10.1311,-7.6715,2.4596,1.4806
170,3081,9.8865,8.2258,-1.6607,1.3654
191,353,9.9417,6.9599,-2.9818,1.5360
192,978,9.1421,-6.5031,2.6390,1.4420
193,3609,8.9549,-1.3540,7.6009,1.4436
194,1420,9.1935,4.5157,-4.6777,1.3919
196,3722,9.4568,-2.2867,7.1701,1.4378
199,2049,8.9186,0.7394,9.6580,1.4635
218,12,8.9390,4.4700,13.4090,1.3888
235,3805,9.0996,4.4944,-4.6052,1.3923
241,2059,9.0074,1.3246,10.3320,1.4194
255,2616,9.1281,4.7853,-4.3428,1.4222
276,4434,8.3884,4.7339,13.1224,1.3257
277,2372,8.6608,5.7421,-2.9188,1.4302
278,2756,8.0200,-5.1023,-13.1224,1.4227
279,2639,8.4997,4.8049,13.3047,1.4397
280,1039,8.1247,4.3045,12.4292,1.3831
282,2814,8.4259,8.3205,-0.1054,1.3536
284,430,8.2570,5.2018,13.4588,1.4340
285,2899,8.3391,2.0732,-6.2659,1.2991
286,4488,8.8973,5.9015,-2.9957,1.4313
287,3430,8.2791,3.7899,12.0691,1.5116
288,3572,8.1127,3.8448,11.9575,1.3996
292,4418,8.0508,-1.4307,6.6201,1.4354
293,4166,8.5634,3.2119,11.7753,1.4263
298,4504,8.1065,0.3760,8.4825,1.3829
299,1627,8.8042,1.5374,10.3417,1.4877
302,4171,8.3070,-1.6223,6.6846,1.3587
323,4261,7.4061,0.0521,-7.3540,1.3603
324,4036,7.8481,2.8663,10.7144,1.4111
325,3407,7.4730,-0.5653,6.9078,1.3502
326,4574,7.2002,3.9062,11.1065,1.3969
327,2819,7.5192,2.6909,-4.8283,1.4079
329,898,7.4346,2.5642,9.9988,1.3868
330,3198,7.5134,6.0421,13.5555,1.3140
332,2610,7.6682,4.1299,11.7981,1.4436
334,2157,7.4573,1.7530,9.2103,1.3199
336,380,7.4832,2.7674,10.2506,1.4895
337,3049,7.3855,6.2461,-1.1394,1.3676
338,1751,7.2690,-0.4667,6.8023,1.3819
340,4200,7.1929,-0.8235,-8.0164,1.3959
341,2133,7.3348,4.3391,-2.9957,1.3860
346,2773,7.2662,-2.6372,-9.9035,1.3099
348,3375,7.4632,1.0540,8.5172,1.3404
351,184,7.5855,-5.6834,1.9021,1.3720
358,2418,7.2951,3.6380,10.9331,1.3832
372,4100,8.0572,-2.2957,-10.3529,1.4255
375,4604,7.2855,0.8959,8.1814,1.3291
381,2926,7.4561,6.1851,13.6412,1.3743
388,4610,7.1958,6.1416,13.3375,1.3746
390,2927,7.3077,5.9801,13.2879,1.3708
411,3954,6.9191,1.3749,8.2941,1.3054
412,3223,6.5325,7.2256,0.6932,1.3385
414,1797,6.8239,4.5264,11.3504,1.3024
415,3105,6.8042,1.4440,-5.3602,1.3339
417,995,7.0278,1.1412,8.1691,1.3158
418,321,7.0221,1.6401,8.6622,1.3912
419,1160,6.6566,-7.0133,-0.3567,1.3777
421,228,7.2115,0.9773,8.1888,1.3615
422,3639,6.8065,2.4325,-4.3741,1.3211
423,3045,6.8633,6.8244,13.6877,1.3495
424,2904,6.8105,4.3329,11.1433,1.2738
426,1792,6.7380,4.5030,-2.2349,1.4024
427,1000,6.5517,7.4884,0.9367,1.2736
428,4088,6.5922,1.9870,-4.6052,1.3562
429,3710,6.7684,3.1564,-3.6119,1.3385
430,1848,6.6459,0.3571,7.0031,1.3790
431,1022,6.5075,4.3515,10.8590,1.4543
432,2772,6.9281,4.5848,11.5129,1.3301
433,2223,7.1332,5.2962,12.4295,1.3792
434,4634,6.7210,2.4665,-4.2545,1.4047
435,1844,6.6722,7.0566,13.7289,1.3593
437,1991,6.4693,2.2006,-4.2687,1.2806
442,2621,6.4752,1.6265,8.1017,1.3816
443,327,6.5327,7.0856,13.6183,1.3717
444,1662,6.5055,3.6565,10.1620,1.3697
445,4555,6.5870,-6.8641,-0.2771,1.3070
450,4280,6.8829,1.2835,-5.5994,1.4612
451,2542,6.8612,4.6212,11.4825,1.3858
452,3249,6.6913,0.4767,-6.2146,1.3198
454,1644,6.5181,4.7335,11.2516,1.3232
455,4360,6.8122,0.0794,6.8916,1.2835
472,1406,6.5593,4.7873,-1.7720,1.4030
474,2161,6.5747,2.0909,8.6656,1.3174
479,3054,6.5954,3.5378,-3.0576,1.2554
482,2752,6.4867,0.1386,-6.3481,1.2993
483,3254,6.6556,1.1341,-5.5215,1.4203
490,1676,6.4614,2.3923,8.8537,1.3371
501,2271,7.0333,5.0894,12.1227,1.3632
508,2111,6.5353,3.9302,-2.6050,1.3259
513,2569,6.4926,8.6898,2.1972,1.3605
521,3060,6.8790,-2.1785,4.7005,1.3662
522,3594,6.5638,1.7479,-4.8159,1.3976
538,4587,6.7669,3.4674,-3.2995,1.3553
559,3036,5.9984,4.1013,-1.8971,1.3464
560,884,6.1168,6.7824,12.8992,1.3022
561,2221,6.0803,-0.5589,5.5215,1.3164
563,4340,6.1354,4.1736,10.3089,1.3504
564,2893,5.9298,2.9239,8.8537,1.2824
566,3101,5.8910,4.1366,-1.7545,1.3774
567,4283,6.2436,2.7183,8.9619,1.2565
568,4606,5.9789,2.4724,-3.5066,1.3374
569,2526,5.8364,2.2897,-3.5467,1.3083
571,2289,6.3211,-0.2653,-6.5864,1.2834
572,3212,6.1339,2.2218,-3.9121,1.3210
574,3850,5.9716,3.5464,9.5180,1.3503
575,4027,6.1258,6.7936,0.6678,1.3060
577,3798,5.9367,0.2817,-5.6550,1.3221
579,2671,5.8920,2.2031,-3.6889,1.3070
580,4327,5.8579,-0.8657,-6.7236,1.3364
581,2860,5.9972,2.5265,8.5237,1.2973
587,3739,6.7048,5.6367,12.3415,1.3056
588,4579,6.2721,4.1006,-2.1716,1.3214
590,629,6.2579,0.6499,6.9078,1.3459
591,2527,5.8207,0.1708,5.9915,1.3369
599,4398,6.1512,7.3468,13.4981,1.2753
605,2930,5.8987,-2.1146,3.7842,1.3440
620,2199,5.9322,4.0350,-1.8971,1.3063
626,4174,5.9225,7.5248,13.4473,1.2959
636,1929,5.9804,-3.0729,-9.0534,1.3538
641,45,5.9325,7.4781,13.4106,1.2733
658,4185,6.6308,1.8748,-4.7560,1.3073
670,1586,5.8878,-0.8509,5.0370,1.3168
671,2007,5.9524,-2.0403,3.9120,1.3017
691,3446,5.8959,-1.9839,3.9120,1.3381
693,189,5.8981,-2.7816,-8.6797,1.3281
695,37,5.8620,7.9332,13.7952,1.1865
716,3682,5.4262,0.0274,5.4537,1.2826
717,1840,5.6197,7.1103,1.4907,1.3301
718,3452,5.9038,2.9170,8.8208,1.2342
719,3717,5.5109,5.9197,11.4307,1.2503
720,3509,5.3569,6.2979,0.9410,1.3085
721,234,7.0619,-1.8861,-8.9480,1.2882
723,162,5.4311,-0.6436,4.7875,1.2800
724,2596,5.4070,2.2616,7.6686,1.3500
725,210,5.8424,-2.5795,-8.4220,1.2627
726,489,5.7422,3.9749,9.7172,1.2642
727,4322,5.6234,1.6060,-4.0174,1.2752
728,4194,5.3618,0.9111,6.2729,1.2580
729,178,5.8073,-2.0168,-7.8240,1.3782
730,3826,5.4421,7.2504,1.8083,1.2757
731,1247,5.3416,-0.7364,4.6052,1.2721
732,1006,5.3760,0.7708,-4.6052,1.2885
733,346,5.4542,8.2779,13.7321,1.2561
735,2674,5.4781,6.6063,1.1282,1.2350
737,1212,5.5597,-1.9761,3.5835,1.2571
738,3068,5.5784,3.0093,-2.5692,1.3048
739,3725,5.5236,6.2044,11.7280,1.2355
740,3793,5.4083,5.6854,0.2771,1.2914
741,513,5.6214,2.4749,-3.1466,1.3129
742,1411,5.5974,4.6200,-0.9774,1.2964
743,1295,5.5036,6.4540,11.9576,1.2876
744,1647,5.5835,5.5835,-0.0000,1.2738
746,2156,5.2331,5.7690,11.0021,1.2958
747,2149,5.3281,5.2227,-0.1054,1.3022
749,4161,5.5918,1.5633,-4.0286,1.2448
752,2823,5.3845,2.6845,8.0690,1.3040
753,4186,5.2653,8.3877,13.6530,1.2394
754,2682,5.4614,2.9357,-2.5257,1.2321
755,3103,5.3485,6.5117,1.1631,1.2610
758,2358,5.3918,3.3405,8.7323,1.2663
759,3774,5.2883,-1.7330,3.5553,1.2739
761,4276,5.3500,4.9007,10.2506,1.2577
763,315,5.4457,2.7148,8.1605,1.2960
765,3648,5.2794,3.5743,8.8537,1.2543
767,339,5.3778,7.9977,13.3755,1.2040
768,3564,5.3215,3.6608,-1.6607,1.2050
770,4400,5.2448,0.5670,-4.6777,1.2711
771,1866,5.8126,7.6605,13.4730,1.2595
778,1468,5.5458,1.7197,7.2654,1.2862
780,3729,5.2617,3.3508,8.6125,1.2355
781,3055,5.3263,7.0195,12.3458,1.3205
803,1013,4.7810,5.2177,9.9987,1.3007
804,1965,5.0474,8.0749,13.1224,1.2651
805,3460,4.9467,1.1692,6.1159,1.2654
806,143,5.1560,7.9892,2.8332,1.2734
807,1696,4.9778,-0.0022,4.9756,1.2729
808,3692,5.0230,-2.5779,-7.6009,1.2720
809,3502,5.1193,-1.7885,-6.9078,1.2475
810,3132,5.0731,4.1956,9.2686,1.2289
811,2389,5.0437,4.6614,9.7050,1.2233
812,401,4.8853,-0.0978,4.7875,1.2149
814,1392,5.7502,7.6738,13.4240,1.2428
816,4467,5.0402,-1.6052,-6.6454,1.3182
817,3944,4.8768,1.3615,6.2383,1.2078
818,4575,5.3413,-0.1555,-5.4968,1.2551
819,3789,5.0877,2.3436,7.4312,1.2419
820,2399,4.9046,-3.5183,1.3863,1.2512
821,2131,4.8410,-0.5851,-5.4261,1.1689
822,2704,4.7997,3.8745,8.6742,1.2753
823,1383,5.4050,7.5092,12.9142,1.2147
824,4053,5.0960,2.7520,-2.3440,1.2830
826,864,5.2591,8.5433,13.8024,1.2819
829,3662,4.7448,0.8968,5.6415,1.2384
830,540,4.7914,1.1194,5.9108,1.2558
831,3224,4.9197,7.9796,12.8994,1.2310
832,3040,4.7342,8.8884,4.1542,1.2640
833,330,4.9313,8.4062,13.3375,1.2462
834,2259,4.8590,-1.4578,3.4012,1.2511
836,4520,5.0037,-0.8928,4.1109,1.2659
839,4569,4.8107,0.2000,5.0106,1.2609
841,4081,4.8017,3.6700,8.4717,1.1800
846,4175,4.8530,7.4885,12.3415,1.2428
849,91,4.8603,2.8360,7.6963,1.2759
851,3542,4.9581,-2.2562,-7.2143,1.2431
852,4251,4.9243,5.6120,0.6876,1.1928
853,4298,4.7311,8.1682,12.8992,1.2043
854,1103,4.8000,6.7129,11.5129,1.1603
857,4254,4.9210,-1.4562,-6.3771,1.1472
861,4035,4.7485,-2.6825,-7.4310,1.2376
866,1982,4.7918,1.4394,-3.3524,1.2081
867,3783,5.3837,8.3517,13.7354,1.2293
869,1241,4.7698,1.2217,5.9915,1.2400
871,2407,4.8713,0.7271,5.5984,1.2371
875,3907,5.8764,5.1833,-0.6932,1.2833
876,3787,5.6705,5.4474,-0.2231,1.2585
877,3034,4.7706,5.6029,10.3735,1.2474
882,3380,4.7202,4.8956,9.6158,1.1476
884,3854,4.8679,5.0603,9.9282,1.2549
886,554,4.9831,4.7600,-0.2231,1.2639
887,3791,5.5898,5.2332,-0.3567,1.1515
897,1955,4.7708,3.4192,8.1900,1.2562
901,2579,4.9136,1.9139,-2.9997,1.2156
902,680,4.8451,6.3784,11.2236,1.2054
904,2940,5.3251,2.9827,-2.3424,1.2705
910,963,5.3586,8.0414,13.4000,1.2413
911,2790,5.0046,0.6618,-4.3428,1.2292
920,1500,4.7387,-7.0646,-11.8033,1.2837
923,231,5.0130,3.9631,-1.0498,1.2253
925,2581,4.7314,1.2893,-3.4421,1.2152
926,986,5.0147,2.3378,7.3524,1.2457
928,1054,5.3763,2.2244,7.6007,1.2111
929,1802,4.9017,2.8389,7.7406,1.1413
930,1342,4.7141,5.4125,10.1266,1.2292
937,1106,4.7220,2.1865,6.9085,1.2146
940,25,4.7631,8.3593,13.1224,1.1463
945,2919,4.7105,7.0336,11.7440,1.2079
950,2267,4.8444,3.7120,8.5564,1.2534
961,1685,4.8541,6.1279,10.9820,1.2636
972,439,4.7552,6.0646,10.8197,1.2464
983,1418,4.7311,4.1645,8.8956,1.2550
986,3235,4.9494,1.5488,6.4983,1.1825
987,281,4.7657,3.4341,8.1997,1.2265
990,2014,5.0209,2.5800,7.6009,1.2030
992,3963,4.9275,5.3975,0.4700,1.2363
997,3665,4.9338,0.0542,-4.8796,1.2451
1006,1607,4.7077,8.1662,12.8739,1.2212
1019,4412,4.7671,0.1915,-4.5756,1.2461
1029,2058,4.9760,-1.7329,-6.7089,1.2448
1033,3804,4.8712,0.3971,-4.4741,1.2124
1040,2892,4.8366,0.4938,-4.3428,1.2065
1044,587,4.7076,3.4081,8.1157,1.2249
1051,3291,4.8287,0.8654,-3.9633,1.2056
1052,4249,5.0195,0.7508,-4.2687,1.2036
1053,2450,4.7874,2.1423,-2.6451,1.1676
1069,4297,4.7367,3.2226,-1.5141,1.2422
1082,3754,4.7901,7.8811,3.0910,1.2156
1088,3500,4.8108,0.2056,-4.6052,1.2261
1109,3579,4.7712,-2.3733,2.3979,1.2140
1110,3927,4.5608,-2.2582,2.3026,1.1661
1111,2845,4.4338,7.3242,2.8904,1.2048
1113,1831,4.4703,3.3797,-1.0906,1.1590
1114,73,4.5003,4.6578,9.1582,1.1870
1115,3635,4.3993,-0.4019,-4.8012,1.2054
1118,3507,4.3339,3.1300,-1.2040,1.1934
1119,4307,4.2575,4.4238,0.1663,1.1760
1121,1583,4.3976,1.5939,5.9915,1.1455
1122,359,4.2753,5.1581,9.4335,1.2375
1123,4477,4.3795,2.3639,6.7434,1.2122
1124,1052,4.4622,7.7831,12.2453,1.2105
1125,2580,4.4319,6.2237,1.7918,1.2460
1126,2308,4.2470,0.6205,4.8675,1.1498
1129,3388,4.3162,6.4628,10.7790,1.2193
1130,2750,4.4492,5.4542,9.9034,1.1849
1131,406,4.4899,3.8042,8.2941,1.1808
1133,236,4.4474,-0.5144,-4.9619,1.1888
1134,1748,4.2434,7.2392,2.9957,1.2230
1135,1630,4.3354,-1.6969,-6.0323,1.1600
1136,4256,4.2704,4.5834,8.8537,1.1647
1138,1691,4.6645,5.7408,10.4053,1.1877
1139,3625,4.4343,0.5711,-3.8632,1.2576
1140,404,4.2909,4.6515,8.9425,1.1424
1141,3897,4.4574,4.1271,8.5844,1.1528
1142,3920,4.3869,8.1698,12.5567,1.1730
1143,1878,4.2927,-1.9901,2.3026,1.1460
1144,3777,4.3965,3.6296,8.0262,1.1857
1145,4129,4.2989,2.7911,7.0901,1.2251
1146,3851,4.2799,6.5399,10.8198,1.1242
1147,2196,4.3027,-0.1201,-4.4228,1.1269
1148,2465,4.2828,9.5326,13.8154,1.2175
1152,254,4.6061,8.6508,13.2569,1.1865
1153,1378,4.4440,9.0430,13.4870,1.1894
1155,3667,4.6598,4.2081,8.8678,1.1699
1158,2679,4.3713,4.0010,8.3723,1.1710
1160,1571,4.2405,4.8283,0.5878,1.1704
1161,3781,4.2788,3.0990,7.3778,1.2006
1162,2205,4.3025,4.0014,-0.3011,1.2137
1164,524,4.4095,3.7308,8.1403,1.1918
1165,326,4.2591,4.9511,9.2103,1.1251
1174,3259,4.4142,9.4012,13.8154,1.1735
1176,2775,4.2785,3.0746,-1.2040,1.1861
1179,4052,4.2852,4.1909,-0.0943,1.1399
1180,153,4.3826,7.3270,2.9444,1.1969
1181,2854,4.3125,2.0587,-2.2538,1.2089
1183,4410,4.4955,1.8811,6.3767,1.2352
1192,4518,4.4104,2.4973,6.9078,1.2446
1194,4595,4.4847,2.5885,7.0733,1.1568
1196,1988,4.3370,3.3153,-1.0216,1.2560
1200,1017,4.2800,7.1276,11.4076,1.1426
1203,886,4.2603,6.3364,10.5967,1.1762
1205,3314,4.2506,4.0275,-0.2231,1.2338
1206,3794,4.3442,0.9541,5.2983,1.1286
1208,1357,4.2642,4.2641,-0.0001,1.1487
1213,3884,4.4314,-1.1546,-5.5860,1.1492
1214,3169,4.2428,1.9718,6.2146,1.1617
1218,2725,4.2714,4.1179,8.3894,1.1588
1225,389,4.2512,-0.3392,3.9119,1.1681
1230,40,4.6231,9.2282,4.6050,1.1987
1232,3225,4.5013,3.0531,-1.4482,1.2171
1238,3566,4.3118,-0.8912,-5.2030,1.1875
1240,2830,4.5319,6.7197,11.2516,1.1958
1248,68,4.3761,9.3986,13.7747,1.2042
1256,1403,4.2679,2.7982,-1.4697,1.1562
1262,2397,4.2746,5.8840,1.6094,1.1471
1269,2172,4.3207,2.0594,6.3802,1.1663
1271,1728,4.3498,6.1249,1.7751,1.1753
1279,1778,4.3703,7.2380,11.6082,1.1422
1281,4005,4.5796,4.7526,9.3322,1.1931
1285,1668,4.4801,6.4528,1.9727,1.2056
1296,1145,4.2952,4.4625,8.7578,1.1887
1301,4025,4.3312,5.4724,9.8037,1.1831
1304,2741,4.3135,9.5393,5.2257,1.1555
1325,3148,3.9872,3.9873,0.0001,1.1620
1326,3991,3.9466,5.0780,1.1314,1.1602
1327,3129,3.9183,2.4274,6.3457,1.0706
1328,2073,4.1368,7.1135,11.2503,1.2036
1329,2549,4.1699,-3.2144,0.9555,1.1383
1330,4039,3.9689,7.0134,3.0445,1.1603
1331,92,4.0265,0.9858,-3.0407,1.1495
1332,1523,3.9362,6.2296,10.1659,1.1482
1333,4598,4.2012,8.3555,12.5567,1.1676
1334,3947,3.9738,3.2191,7.1929,1.1472
1335,1515,3.9566,5.7812,1.8245,1.1152
1336,615,4.0996,9.1852,13.2849,1.2353
1337,2933,4.0956,7.3145,3.2189,1.0993
1338,1785,4.0998,7.5902,3.4904,1.1617
1339,4068,3.8965,2.1695,6.0661,1.1512
1340,3520,4.1900,-0.4151,-4.6052,1.1844
1341,2194,3.9405,2.4080,-1.5325,1.1800
1342,2715,4.0686,7.1596,3.0910,1.1880
1343,4601,4.1203,2.9808,-1.1394,1.1304
1344,4496,4.0224,-2.0700,-6.0924,1.1055
1345,2655,3.9383,4.9710,8.9092,1.1457
1346,4286,3.9841,8.3699,4.3858,1.1670
1347,3768,4.0049,7.6938,3.6889,1.1152
1348,2529,3.9773,0.6531,-3.3242,1.1084
1349,940,3.8474,3.9233,7.7707,1.1735
1350,4358,3.9100,2.3005,-1.6094,1.1139
1351,2516,3.8532,-0.2696,3.5835,1.1555
1352,1034,3.9674,0.8538,4.8211,1.1396
1353,2797,3.8622,1.6791,5.5413,1.1353
1354,1957,3.9261,1.5079,5.4340,1.1373
1357,4268,3.8653,7.8727,4.0073,1.1595
1358,1230,3.8220,3.2681,7.0900,1.1144
1359,3784,4.0460,6.8581,10.9041,1.1368
1360,4561,3.8631,2.4879,6.3510,1.1077
1362,0,3.8282,6.9873,10.8156,1.0947
1363,2640,4.0005,2.6588,6.6593,1.1087
1365,468,4.0929,6.9175,11.0104,1.2162
1366,3244,3.8897,8.4431,12.3327,1.0883
1367,4141,3.9143,9.1073,5.1930,1.1162
1368,4284,4.1295,-3.7930,0.3365,1.1482
1369,2912,3.9248,7.0773,11.0021,1.1665
1370,2654,3.8668,8.0513,11.9182,1.1269
1373,3661,4.2064,6.6404,10.8468,1.2028
1374,1286,3.9442,1.6416,-2.3026,1.1021
1375,4217,3.8228,4.5666,8.3893,1.1179
1379,2973,3.8819,-3.3513,0.5306,1.0947
1380,4483,4.2000,-3.8636,0.3365,1.1318
1381,4495,3.8605,3.5499,7.4104,1.1364
1382,1909,3.9467,0.0347,-3.9120,1.1300
1383,1996,3.8186,6.7780,10.5966,1.1045
1384,3316,3.9768,1.3222,5.2991,1.1671
1385,2982,3.8326,5.1781,1.3455,1.1150
1389,2632,3.9910,2.6554,6.6464,1.1402
1390,881,3.8295,-0.4973,3.3322,1.1420
1391,3151,3.9711,1.6685,-2.3026,1.1222
1397,529,3.9936,-0.0816,3.9121,1.1581
1400,3745,3.8566,1.3072,5.1638,1.0824
1401,3645,3.8358,2.3062,6.1420,1.1037
1403,828,3.8315,0.2234,4.0550,1.1303
1404,3476,4.1281,0.9470,5.0751,1.1466
1405,1249,3.9622,0.9052,4.8675,1.1721
1407,2537,3.8647,5.1593,9.0240,1.1467
1408,3932,3.9505,1.8219,-2.1286,1.1121
1409,2587,3.9607,-3.7060,0.2546,1.1522
1412,2789,3.8914,6.5716,10.4631,1.1079
1416,3128,3.8178,-3.4123,0.4055,1.1297
1417,1633,3.9208,7.1789,3.2581,1.1699
1418,1019,3.9326,3.9319,7.8644,1.1361
1419,1400,3.8515,1.3942,5.2457,1.1101
1421,3541,3.9508,-1.3118,2.6391,1.0867
1424,2760,3.8299,-3.0779,-6.9078,1.1060
1428,2025,3.8431,2.6392,-1.2040,1.0692
1430,2977,4.0857,-2.8221,-6.9078,1.1074
1431,3159,4.1803,-2.3089,-6.4891,1.1888
1436,3038,3.9653,2.0262,5.9915,1.1248
1441,1846,4.0650,2.2871,-1.7779,1.1321
1448,1264,3.9208,4.1501,8.0709,1.1662
1451,402,3.9045,3.1973,-0.7073,1.0954
1454,4383,3.8173,11.3880,7.5708,1.1256
1455,2647,3.9941,7.7076,3.7135,1.0894
1457,2623,3.8347,-3.4218,0.4129,1.1549
1458,2608,3.9199,5.5293,1.6094,1.1424
1459,1045,4.0876,6.9487,2.8611,1.1736
1460,2343,3.8353,4.3053,0.4700,1.0911
1463,4305,3.8955,1.1296,-2.7659,1.1314
1465,3770,3.8284,1.9671,5.7955,1.1115
1467,3870,4.0493,3.7616,-0.2877,1.1682
1474,80,3.8353,9.0082,12.8435,1.0483
1475,1941,3.9261,2.7549,-1.1712,1.1243
1476,412,4.6109,8.9527,4.3418,1.1430
1477,1146,4.1003,8.4178,4.3175,1.1366
1478,3767,3.8997,4.2072,0.3075,1.1383
1481,2332,3.9236,-1.2177,-5.1413,1.0552
1483,4224,4.0364,1.7930,-2.2434,1.1273
1487,3723,3.8623,3.4509,7.3132,1.0987
1497,3786,4.5426,4.3442,-0.1984,1.0715
1499,4566,4.0232,3.2923,-0.7309,1.1166
1509,3145,4.0719,4.3720,0.3001,1.1238
1512,2800,3.8676,1.5369,5.4045,1.1317
1515,3855,3.8209,-1.1848,-5.0057,1.0825
1527,3494,3.8133,3.3496,-0.4637,1.1468
1532,1258,3.8519,-1.1175,2.7344,1.0755
1537,3903,3.9040,-0.3024,-4.2064,1.1536
1556,1973,3.8482,4.0491,7.8974,1.1177
1562,1446,3.9124,3.4206,7.3330,1.0639
1568,757,3.8265,5.6149,9.4414,1.1593
1574,2284,3.9436,6.2462,2.3026,1.1393
1575,648,3.8501,8.4553,4.6052,1.1037
1580,1456,3.9436,6.6530,10.5966,1.0723
1590,1711,3.8425,4.3463,8.1887,1.1383
1605,4553,4.3181,3.2094,-1.1087,1.1411
1618,2321,3.8592,3.3487,-0.5105,1.0558
1638,2243,4.2081,4.9013,0.6932,1.1182
1656,1316,3.8745,7.4015,11.2760,1.0823
1657,2676,3.8223,6.0811,9.9034,1.0720
1678,2626,3.5866,4.4194,0.8328,1.0431
1679,188,3.5246,7.5828,11.1075,1.1217
1680,1575,3.5707,3.4324,7.0031,1.1112
1681,1645,3.5621,3.5621,0.0000,1.1482
1682,816,3.6343,-1.0695,2.5648,1.0330
1684,827,3.5890,7.5368,11.1258,1.0233
1685,2691,3.6129,8.8223,5.2095,1.1208
1686,3640,3.7248,1.9107,-1.8140,1.0772
1687,3714,3.5749,4.7015,8.2764,1.1152
1688,2,3.7412,6.1878,9.9290,1.1083
1689,3978,3.5273,0.3846,3.9120,1.0821
1690,3162,4.1236,5.0714,0.9478,1.0716
1692,2528,3.8015,1.3005,-2.5010,1.0465
1693,2062,3.4893,4.3894,0.9002,1.0532
1694,2963,3.6990,8.6512,12.3502,1.1128
1695,299,3.5044,8.6504,12.1548,1.1184
1696,842,3.6786,1.5143,5.1929,1.1334
1697,824,3.8602,-4.2168,-0.3566,1.0783
1699,372,3.5591,2.6429,-0.9163,1.0667
1700,1453,3.5844,6.8200,10.4043,1.1554
1701,2291,3.8694,2.9531,-0.9163,1.0703
1702,2739,3.5565,2.4170,-1.1394,1.1470
1703,1194,3.7504,-3.9736,-0.2231,1.1178
1704,3311,3.6253,-0.6152,-4.2405,1.0911
1706,2677,3.5813,5.8839,2.3026,1.1079
1707,3005,3.5442,8.4797,12.0239,1.0485
1708,4544,3.4415,3.1096,6.5511,1.1034
1709,1116,3.7403,8.6889,12.4292,1.0588
1710,2532,3.6000,4.9350,1.3350,1.0982
1711,2438,3.5288,4.4451,0.9163,1.0577
1712,1482,3.7585,5.7919,2.0334,1.0787
1713,2322,3.4845,0.0118,3.4964,1.1075
1714,2573,3.5705,8.0558,11.6263,1.0865
1715,1643,3.5279,4.5717,8.0996,1.0898
1716,3596,3.9946,2.7907,-1.2040,1.1056
1717,3728,3.6829,2.5802,-1.1027,1.0197
1719,494,4.5063,2.7326,-1.7737,1.1232
1720,2547,3.4405,9.5248,12.9652,1.0926
1721,1915,3.5661,-1.3268,-4.8929,1.0428
1722,3433,3.6955,-0.2522,-3.9476,1.0762
1724,4332,3.6547,7.8458,4.1912,1.0366
1725,421,3.5658,9.5565,13.1224,1.0527
1727,4513,3.5866,1.2820,-2.3046,1.1215
1728,2809,3.5838,1.9575,5.5413,1.0797
1730,1854,3.7058,-3.7652,-7.4710,1.0870
1731,3513,3.6370,9.8456,6.2086,1.0822
1732,1069,3.6617,0.9016,4.5633,1.0889
1733,1775,3.6354,4.0743,0.4389,1.0262
1734,4151,3.6065,4.0004,7.6069,1.0365
1736,1139,3.5084,0.1916,3.6999,1.0865
1737,3672,3.7187,4.6476,8.3663,1.1023
1738,3908,3.5588,6.8546,3.2958,1.0497
1739,3675,4.1840,0.6453,4.8293,1.0577
1740,3841,3.7846,4.4712,8.2558,1.0923
1741,2804,3.5019,-1.4071,-4.9090,1.0421
1742,846,3.6945,-1.2965,2.3980,1.0699
1743,2531,3.4400,2.6536,6.0936,1.0916
1744,3524,3.7361,-1.9777,-5.7138,1.0707
1745,4114,3.4696,8.7461,12.2157,1.0101
1746,3980,3.5312,-0.4615,-3.9927,1.1006
1747,707,3.4954,8.1006,4.6052,1.0626
1748,4618,3.4997,8.7980,5.2983,1.0433
1749,3958,3.5112,7.6055,4.0943,1.0472
1750,3127,3.9262,-1.1410,-5.0672,1.1070
1751,1509,4.2662,4.3615,0.0953,1.0546
1753,3163,3.7678,-1.9460,-5.7138,1.0633
1756,3901,3.5940,4.5301,0.9361,1.0508
1757,465,3.5557,8.6504,12.2061,1.0805
1758,3230,3.5167,5.7524,9.2691,1.1041
1759,4374,3.4785,7.1921,3.7136,1.0892
1760,1114,3.6585,8.6428,12.3014,1.0671
1761,2564,3.5167,-2.6979,-6.2146,1.0728
1762,1374,3.5328,-1.3473,2.1854,1.0933
1764,4404,3.5326,-1.2301,2.3026,1.0457
1766,2478,3.4758,5.3164,1.8405,1.0563
1767,1750,3.4479,4.8341,1.3863,1.0440
1768,3873,3.5374,-1.9841,-5.5215,1.0339
1769,3017,3.5319,6.5947,10.1266,1.0658
1770,583,3.4468,8.7593,12.2061,1.1060
1772,1349,3.4376,-0.8728,2.5648,1.0738
1778,2556,3.4722,-2.7424,-6.2146,1.0794
1781,3220,3.5268,6.3648,2.8380,1.1079
1782,4270,3.7344,4.6647,8.3991,1.0893
1783,2896,3.5043,4.0864,0.5821,1.1018
1784,2722,3.4968,2.7404,6.2371,1.1294
1785,3296,3.4775,0.8183,-2.6593,1.0610
1787,4451,3.6349,5.5753,9.2102,1.1209
1788,4589,3.4918,3.6783,7.1701,1.0727
1789,2891,3.4928,-3.2780,0.2149,1.0715
1790,4468,3.6114,4.7481,1.1367,1.0747
1791,2385,3.5787,6.5745,2.9957,1.0948
1792,3964,3.4956,4.6270,1.1313,1.0672
1795,1379,3.5159,5.5890,9.1050,1.0437
1799,222,3.5248,3.8249,0.3001,1.0483
1801,405,3.5789,4.4920,8.0709,1.1171
1805,572,4.6983,0.8624,5.5607,1.0655
1809,487,3.4854,4.6794,1.1940,1.1087
1811,2178,3.4939,6.4643,2.9704,1.0088
1817,3990,3.4478,-0.0106,3.4372,1.0387
1818,99,3.4437,2.7303,-0.7134,1.0885
1819,163,3.4465,1.6894,5.1359,1.0280
1821,3106,3.4611,5.3174,1.8563,0.9949
1825,774,3.4353,1.7206,-1.7147,1.0440
1828,2781,3.5063,3.4120,-0.0943,1.0420
1835,2216,3.4505,5.2669,1.8164,1.0673
1840,3885,3.4808,9.6555,13.1363,1.0546
1842,4510,3.5429,-1.1633,2.3796,1.0253
1843,3669,3.4509,4.5112,7.9621,1.0898
1846,2624,3.4586,5.9435,2.4849,1.0568
1856,755,3.4701,5.5113,2.0412,1.0708
1863,2968,3.5954,2.3916,-1.2038,1.0580
1866,4373,3.6219,1.3387,-2.2832,1.0875
1871,3119,3.6100,-0.8296,-4.4397,1.0333
1879,4313,3.6450,3.0143,6.6593,1.0927
1884,2565,3.4899,7.8837,11.3736,1.0651
1886,3285,3.4784,4.8369,1.3585,1.0808
1889,1733,3.4883,5.4340,1.9458,1.0174
1890,1862,3.4808,3.1785,6.6593,1.0582
1891,1365,3.5300,-7.3517,-10.8817,1.1124
1892,3024,3.4600,2.5184,-0.9416,1.0443
1900,1214,3.7308,-9.7846,-13.5154,1.0736
1903,2373,3.7002,-11.5894,-15.2895,1.0548
1904,1760,3.4720,7.6086,11.0806,1.0568
1907,544,3.4495,4.9536,1.5041,1.0543
1912,2762,3.5008,0.5442,-2.9565,1.0412
1917,577,3.6675,1.7262,5.3937,1.0651
1924,2313,3.5015,-4.0766,-0.5751,1.0710
1930,2849,3.9045,-8.5247,-12.4292,1.0894
1932,3900,3.5332,-0.5593,-4.0925,1.0332
1933,2903,3.7719,-8.5620,-12.3339,1.0351
1937,2589,3.8677,-9.6042,-13.4719,1.1051
1941,2404,4.0155,0.0781,-3.9373,1.0439
1942,998,3.5076,7.3122,10.8198,1.0697
1943,1066,4.1030,-9.5641,-13.6671,1.0070
1944,2009,3.5254,-0.7082,-4.2336,1.0564
1951,2213,3.4731,5.0825,1.6094,1.0473
1957,2978,3.5519,8.6542,12.2061,1.0574
1959,3303,3.4365,7.5984,11.0349,0.9873
1976,1306,3.4705,8.7356,12.2061,1.0366
1978,1745,3.4341,4.5655,1.1314,1.0969
1989,1262,3.4566,6.0902,9.5468,1.0498
1992,3479,3.7018,6.1184,9.8201,1.0728
2011,1646,3.5650,5.6453,9.2103,1.0067
2021,4578,3.4693,2.8931,-0.5763,1.0268
2030,1288,3.4409,8.7651,12.2061,1.0129
2034,4008,3.4984,1.7999,5.2983,1.0365
2046,3339,3.4459,7.3578,3.9119,1.0276
2061,1414,3.4659,4.1838,7.6497,1.0660
2070,2396,3.5745,1.2918,-2.2828,1.0487
2074,27,3.4525,5.6760,2.2235,1.0378
2095,1156,3.2047,6.0379,2.8333,1.0712
2096,4395,3.2978,2.1786,5.4765,1.0659
2097,1664,3.2359,5.6734,8.9093,1.0778
2098,3522,3.3179,4.5831,7.9010,1.0422
2099,207,3.1116,4.6026,7.7142,1.0183
2100,2209,3.4792,2.7027,-0.7765,1.0735
2101,1626,3.3464,3.5534,0.2070,1.0316
2102,3083,3.3382,5.8919,9.2301,1.0219
2103,2433,3.2653,0.4458,3.7111,1.0328
2104,1432,3.3805,4.0696,7.4501,1.0607
2105,3719,3.0990,5.9262,9.0252,1.0172
2106,2471,3.2026,6.2328,3.0301,1.0324
2107,161,3.6941,1.6042,5.2983,1.0235
2108,2749,3.2913,4.5118,7.8031,1.0787
2109,305,3.2310,4.9201,8.1511,1.0000
2110,741,3.2620,6.2107,9.4727,1.0099
2111,3570,3.2224,3.2124,-0.0100,1.0042
2112,4337,3.3334,4.1827,0.8493,1.0605
2113,2957,3.5784,10.2370,13.8155,1.0417
2114,1104,3.1912,4.9662,1.7750,1.0199
2115,3065,3.2141,6.4330,3.2189,1.0343
2116,1445,3.1116,3.8449,6.9565,1.0167
2117,192,3.1360,6.4108,9.5468,0.9904
2119,2629,3.3708,6.7558,10.1266,1.0570
2120,1428,3.1167,2.1814,5.2981,1.0523
2121,3647,3.2277,8.2853,11.5129,1.0220
2122,274,3.4961,6.9181,10.4141,1.0014
2123,2414,3.3376,4.3795,1.0419,1.0319
2124,771,3.2848,8.4513,11.7361,0.9732
2125,762,3.1546,7.0953,3.9407,1.0369
2126,55,3.1072,2.8841,-0.2231,1.0261
2127,1938,3.6773,6.6317,10.3090,1.0597
2128,639,3.3172,6.7183,3.4012,0.9637
2129,2354,3.1827,7.1866,10.3693,1.0296
2130,1812,3.1938,2.1996,-0.9942,0.9894
2131,876,3.2296,-0.3424,-3.5720,1.0075
2132,19,3.2859,4.2791,0.9932,1.0700
2135,4456,3.2819,-1.8341,-5.1160,0.9804
2136,2084,3.2071,4.0001,0.7930,0.9937
2138,3879,3.1810,7.4156,10.5966,1.0686
2139,1010,3.1502,3.1559,0.0057,1.0110
2140,4608,3.2185,4.1717,7.3902,1.0738
2141,1470,3.0935,5.5500,8.6436,1.0525
2143,2711,3.2355,8.2944,11.5300,1.0509
2144,2852,3.4883,3.5837,0.0953,1.0383
2145,853,3.1123,-1.7130,1.3993,1.0715
2146,1828,3.4208,7.5049,10.9257,1.0432
2147,2346,3.1725,3.1725,0.0000,0.9461
2150,591,3.1164,3.0982,6.2146,1.0111
2151,4377,3.0914,-1.5598,-4.6513,1.0787
2153,3552,3.1367,5.7926,8.9293,0.9975
2154,559,3.2003,0.3178,-2.8824,1.0130
2155,1005,3.2052,-3.4955,-6.7007,1.0426
2157,1995,3.1207,1.5111,-1.6096,1.0043
2158,2946,3.0954,-1.1639,1.9315,1.0443
2161,562,3.5608,5.3872,8.9480,1.0306
2162,4142,3.2567,-1.6482,-4.9049,1.0214
2163,1303,3.1201,3.1784,0.0583,0.9575
2164,2486,3.2834,8.2685,11.5518,0.9794
2165,4501,3.1348,1.6651,-1.4697,1.0174
2166,2104,3.1438,6.3770,9.5207,0.9999
2167,3731,3.1051,0.9335,-2.1716,1.0138
2168,927,3.1423,1.9114,5.0537,0.9711
2169,1063,3.1470,0.2837,3.4308,0.9585
2171,580,3.2244,7.1659,3.9416,1.0296
2173,1259,3.2022,1.8085,5.0106,1.0278
2174,3262,3.1381,4.8225,7.9606,1.0236
2176,4421,3.1667,-0.0930,-3.2598,0.9649
2177,54,3.2108,7.3052,4.0943,1.0088
2179,3025,3.2744,6.4900,9.7644,1.0297
2180,2096,3.1339,3.4172,6.5511,0.9743
2181,3567,3.1629,1.7715,4.9345,1.0085
2183,300,3.1069,6.8547,9.9616,0.9912
2185,3519,3.9281,-0.5116,-4.4397,1.0097
2186,1487,3.1153,5.9099,9.0252,1.0015
2187,3569,3.1148,6.0955,9.2103,0.9971
2192,3079,3.1945,-0.3120,-3.5066,1.0043
2193,1532,3.2587,1.9508,5.2095,1.0239
2194,2053,3.1531,3.2484,0.0953,1.0183
2196,4285,3.1573,7.3668,10.5241,1.0333
2197,2821,3.0933,4.8996,7.9929,1.0357
2198,3359,3.0911,6.4584,3.3673,0.9559
2200,3013,3.3257,0.9178,-2.4080,0.9853
2201,4413,3.0946,1.2627,-1.8319,1.0486
2204,3463,3.1152,4.9865,8.1017,0.9708
2205,2591,3.2948,-0.9668,-4.2616,1.0601
2206,3418,3.1492,5.4111,2.2619,0.9445
2209,3983,3.1661,6.7374,9.9035,0.9698
2210,1707,3.0955,4.5055,7.6010,0.9719
2211,2592,3.2935,1.8995,5.1930,1.0005
2213,3760,3.4379,7.1684,3.7305,0.9560
2214,1207,3.1859,9.6787,12.8646,0.9476
2220,3646,3.2182,2.0142,-1.2040,0.9830
2222,861,3.2551,6.1916,2.9365,1.0355
2225,3705,3.1051,5.0511,1.9459,1.0258
2227,478,3.1819,6.3720,9.5539,0.9975
2230,4428,3.1063,3.6962,6.8025,0.9801
2231,4101,3.2732,-2.1746,1.0986,1.0097
2235,137,3.2445,8.0320,4.7875,1.0006
2238,3288,3.0942,6.0386,2.9444,1.0393
2241,843,3.1641,0.0245,-3.1396,0.9874
2242,2086,3.2613,4.4552,1.1939,0.9994
2244,1873,3.1241,0.7162,-2.4079,1.0100
2254,420,3.3429,9.7795,13.1224,1.0194
2257,1612,3.1555,5.3516,8.5070,1.0050
2260,1613,3.4867,6.6854,3.1987,0.9873
2262,1754,3.1569,3.5151,6.6720,1.0570
2270,955,3.1025,5.4066,8.5092,1.0043
2277,3264,3.1187,7.6295,4.5109,1.0041
2284,2636,3.1096,-2.4119,-5.5215,0.9817
2288,3685,3.2631,8.1306,4.8675,1.0085
2289,1795,3.1091,3.6380,0.5289,1.0627
2293,3469,3.2562,8.1237,4.8675,0.9742
2296,1009,3.1813,5.8215,2.6402,1.0443
2301,3059,3.1269,-0.6410,-3.7679,1.0097
2311,2317,3.1991,6.1948,2.9957,1.0109
2318,3082,3.0941,0.6522,-2.4419,1.0392
2321,2094,3.2074,0.5983,-2.6091,0.9783
2329,1115,3.1145,8.4918,11.6063,0.9429
2333,3197,3.0957,3.8120,6.9078,1.0073
2340,1331,3.1572,6.3872,3.2300,0.9720
2341,2472,3.1080,2.9033,6.0113,1.0386
2350,3535,3.1204,-4.9592,-1.8388,1.0208
2356,4178,3.1599,3.0547,-0.1053,1.0335
2361,1898,3.3489,6.6811,3.3322,0.9295
2380,3914,3.3660,-2.4431,-5.8091,1.0094
2388,381,3.1509,6.0411,2.8903,1.0188
2389,2488,3.1647,4.4730,1.3083,0.9804
2402,2137,3.0922,5.0597,8.1519,1.0266
2410,2276,3.1230,3.1537,6.2766,0.9975
2414,167,3.2201,6.4389,3.2188,1.0454
2419,3955,3.1749,6.8180,3.6431,0.9661
2435,3404,3.1868,2.5170,5.7038,0.9808
2456,3545,2.9521,6.2582,9.2103,0.9614
2457,3372,3.0147,1.4776,-1.5371,1.0197
2458,2628,2.9819,8.1178,5.1359,1.0137
2459,698,2.9635,2.7403,5.7038,0.9492
2460,3114,2.8076,6.6143,3.8067,0.9503
2461,977,2.8432,7.0603,9.9035,0.9966
2462,3383,3.0039,5.9833,8.9872,0.9619
2463,2320,2.8717,1.3391,-1.5325,0.9533
2464,2302,2.9376,6.5646,3.6270,0.9495
2465,2688,2.9647,-2.3336,-5.2983,0.9616
2466,100,2.9953,6.1815,9.1768,0.9755
2467,3568,2.9211,2.7586,-0.1625,1.0522
2468,3577,2.8158,6.2170,3.4012,0.9363
2469,317,2.9102,-2.3901,-5.3003,0.9677
2470,307,3.0765,8.7729,11.8494,1.0356
2471,528,2.8436,9.0200,11.8636,0.9607
2472,3258,2.9532,2.4256,-0.5276,0.9433
2473,1174,2.9521,0.0874,-2.8647,1.0102
2474,2848,2.9696,5.7707,8.7404,0.9484
2475,2448,2.9822,2.9823,0.0001,0.9709
2476,4432,2.9042,2.7996,5.7038,1.0098
2477,2983,2.8316,5.4625,8.2942,1.0313
2478,3492,2.9992,0.6977,-2.3015,0.9705
2479,3213,3.1681,11.1744,8.0064,0.9809
2480,3592,2.9087,5.4101,8.3187,1.0052
2481,3004,3.0228,5.5527,8.5755,0.9666
2482,147,2.8763,4.9682,2.0919,0.9409
2483,235,2.9558,6.9626,9.9185,0.9631
2484,2447,2.8885,5.9651,8.8537,0.9723
2486,1150,2.8724,6.6673,9.5396,0.9608
2487,229,3.0805,6.9281,10.0086,0.9513
2488,4169,3.1332,7.2683,4.1352,0.9380
2489,2764,2.9168,10.8987,13.8155,0.9404
2490,1595,2.9520,5.0921,2.1401,0.9991
2491,3950,2.8833,7.2433,10.1266,0.9831
2492,2551,2.7902,6.3897,9.1799,0.9939
2493,2637,2.8574,5.1817,8.0391,0.9779
2494,1068,2.9009,6.0663,3.1655,0.9720
2495,2152,4.1041,0.8976,-3.2064,0.9778
2496,1195,2.8131,0.3120,-2.5011,0.9926
2497,1222,3.0240,7.2923,4.2683,0.9532
2498,2463,2.8401,1.7005,-1.1396,0.9913
2499,2426,2.8235,2.1224,-0.7012,0.9988
2500,4352,2.9067,0.7864,-2.1203,0.9594
2501,4105,3.0430,2.6614,5.7044,1.0070
2502,1332,2.8926,-0.0448,-2.9374,0.9507
2504,656,2.9451,2.2520,-0.6932,0.9785
2505,1669,3.7955,1.1644,-2.6311,0.9860
2506,1887,3.4124,0.7813,-2.6311,1.0192
2507,1986,3.0677,2.1346,5.2023,0.9526
2509,3395,2.8130,3.6354,6.4483,0.9602
2511,3268,2.9585,5.8952,8.8537,0.9557
2512,3043,2.8320,8.1817,11.0137,0.9865
2513,3882,2.9027,4.6606,1.7579,0.9670
2514,1401,3.0925,2.9872,-0.1054,0.9876
2515,4006,2.9309,2.7390,5.6699,0.9728
2516,4120,2.9041,5.8333,8.7374,0.9528
2517,3849,2.8299,5.7455,8.5755,0.9210
2518,369,2.8850,3.9838,1.0987,0.9210
2519,989,2.9464,3.2087,0.2623,0.9941
2520,1598,2.7824,1.3608,4.1432,0.9599
2521,4433,2.8260,4.1210,6.9470,0.9037
2523,3270,3.2007,4.4059,1.2052,0.9348
2524,2627,2.8521,6.8594,4.0073,0.9622
2525,2916,2.7840,7.2148,4.4308,0.9372
2526,2191,2.8983,5.4204,8.3187,0.9576
2527,2795,2.8941,5.9851,3.0910,0.9768
2528,2413,2.8487,5.6684,8.5172,0.9368
2529,1782,2.8256,7.4594,4.6338,0.9862
2530,2116,2.7983,1.1322,-1.6661,0.9692
2532,3677,2.7919,1.1938,3.9857,0.9421
2533,701,2.8481,7.1699,4.3218,0.9988
2535,4306,2.8052,8.6133,5.8081,0.9930
2536,1890,2.7813,4.2661,7.0474,0.9194
2538,3067,2.8911,0.3062,-2.5849,1.0064
2539,2550,2.8020,6.4909,3.6889,0.9303
2542,6,2.8196,6.5730,9.3926,0.9606
2543,2534,2.8153,7.8192,5.0039,0.9989
2544,2709,2.9089,4.5977,7.5066,0.9503
2545,3749,2.7915,7.6277,4.8363,0.9193
2547,3329,2.8420,5.1543,7.9963,0.9606
2548,1774,2.9430,-6.4905,-9.4335,0.9716
2550,3561,2.8108,4.8903,2.0794,0.9531
2551,3821,2.9518,6.0646,3.1128,0.9286
2552,2485,2.8838,7.1179,4.2341,0.9771
2555,1766,2.8323,3.5647,6.3970,0.9395
2556,2374,2.8743,4.0334,6.9077,0.9406
2558,847,2.9417,3.8580,0.9162,0.9661
2559,479,2.7928,9.3079,12.1007,0.9685
2560,2234,2.8526,3.4404,0.5878,0.9639
2562,605,2.9151,3.2995,6.2146,0.9570
2563,2423,2.8636,-1.3375,1.5261,0.9899
2567,2159,2.8853,7.4356,10.3209,0.9591
2568,4446,2.8852,5.6320,8.5172,0.9823
2570,3548,2.8780,10.8209,13.6990,0.9759
2571,4156,2.8633,1.7419,4.6052,0.9618
2573,1484,2.8824,7.8931,5.0107,0.9179
2574,4338,2.8439,-0.3552,-3.1991,0.9619
2577,2262,2.9574,7.2154,10.1728,0.9889
2578,3773,2.8467,4.9365,7.7832,0.9282
2581,2051,2.8080,-0.6215,-3.4295,0.9270
2583,125,3.1227,5.3199,2.1972,0.9741
2585,291,2.9019,7.6023,4.7005,0.9474
2587,2169,2.8137,-0.6377,-3.4514,0.9265
2588,4212,3.3500,4.9927,8.3427,0.9177
2589,4281,2.8042,3.0618,5.8660,0.9056
2592,2603,2.8207,3.8504,1.0296,0.9733
2597,3972,3.1078,7.2012,4.0935,0.9505
2598,1131,2.8138,3.2024,6.0162,0.9235
2602,1803,2.7934,7.3877,10.1810,0.9122
2603,4533,2.9124,-0.5942,-3.5066,0.9948
2606,3236,2.9305,-2.5592,-5.4897,0.9859
2607,4491,2.8747,1.9584,-0.9163,0.9540
2609,1903,2.8637,-0.3551,-3.2189,0.9335
2611,4600,2.7816,8.7313,11.5129,0.9611
2616,2272,2.8978,-1.1946,-4.0923,0.9537
2623,815,2.8080,6.1039,3.2958,0.9639
2624,3298,2.8267,5.9105,8.7372,0.9682
2626,457,3.0152,7.2919,4.2767,0.9942
2627,2597,2.7825,-2.2519,0.5306,0.9335
2632,4274,2.8140,6.8588,4.0448,0.9436
2633,110,2.7957,7.5492,4.7536,0.9812
2636,2873,3.1392,-1.3617,-4.5008,0.9687
2637,968,2.8219,-2.0334,0.7885,0.9169
2638,1776,2.7946,0.1628,-2.6318,0.9315
2643,2539,3.1147,0.1960,-2.9187,0.9252
2646,4093,2.7909,4.1168,6.9078,0.9193
2648,3435,2.9388,-1.8396,-4.7783,0.9469
2649,3416,2.8936,9.2794,12.1730,0.9391
2650,2507,2.7890,6.4213,9.2103,0.9427
2655,4230,2.7960,6.6878,3.8918,0.9502
2657,651,2.8192,7.8552,10.6744,0.8889
2661,4336,3.1035,-1.1301,-4.2336,0.8818
2663,4507,2.8355,8.2466,11.0821,0.9300
2664,1250,2.8040,7.8704,10.6744,0.9122
2665,3654,2.7835,4.4699,1.6864,0.8910
2666,201,3.0983,5.2955,2.1972,0.9359
2668,1274,2.8423,7.6802,10.5225,0.9175
2679,164,2.7862,5.9643,3.1780,0.9507
2681,169,2.9243,2.8730,-0.0513,0.9340
2690,2914,2.9065,6.6615,9.5680,0.9292
2695,548,2.8309,6.9253,4.0943,0.9452
2697,1529,2.9390,0.2208,-2.7182,0.9725
2699,1990,3.0462,4.1064,1.0602,0.9337
2701,4139,2.9786,4.8885,7.8671,0.9016
2704,102,2.9810,9.7359,12.7169,0.9686
2709,4567,3.0775,-3.4181,-6.4957,0.9393
2713,2428,2.7898,4.4895,7.2793,0.9330
2716,3450,2.8264,6.8908,9.7172,0.9518
2724,4078,2.8150,4.2013,1.3863,0.8981
2730,2524,2.8211,-1.7840,-4.6052,0.9537
2736,1141,2.7966,1.8085,4.6052,0.9405
2737,4527,2.9294,1.5975,-1.3318,0.9207
2738,2142,2.8842,5.1868,2.3026,0.9082
2742,4054,2.8095,-0.1882,-2.9977,0.9372
2743,2108,2.8698,5.8655,2.9957,0.9112
2745,918,2.8796,5.1822,2.3026,0.9338
2751,245,2.8014,6.6321,9.4335,0.9219
2754,2360,2.7807,2.9839,5.7646,0.9564
2755,3276,3.0346,7.2743,10.3089,0.9249
2763,3080,3.0498,-1.8839,-4.9337,0.9457
2768,1911,2.9144,2.9144,0.0000,0.9369
2771,2299,2.9636,6.7415,9.7050,0.9605
2773,2660,2.8570,-2.0767,-4.9337,0.9617
2775,308,2.8595,6.3805,9.2399,0.9514
2776,2921,2.8652,4.1122,1.2470,0.9925
2778,2738,3.1809,-1.4243,-4.6052,0.8572
2779,1190,2.8033,7.5123,10.3156,0.9938
2783,335,2.7852,3.6182,0.8329,0.9515
2788,237,2.8495,0.3238,-2.5257,0.9404
2789,1891,2.8569,6.9073,9.7642,0.9766
2796,1314,3.0828,6.2598,3.1770,0.9689
2799,366,2.7938,8.7192,11.5129,0.9328
2804,118,2.9167,10.5422,13.4588,0.9146
2821,1480,2.8024,7.5498,10.3522,0.9785
2824,547,2.9176,8.9522,11.8698,0.9021
2828,3027,2.7824,2.4171,-0.3653,0.9242
2839,1164,3.0078,0.0121,-2.9957,0.9355
2856,3269,2.7813,3.8520,6.6333,0.9711
2867,782,2.8027,2.2912,-0.5115,0.8961
2869,3069,3.0272,-6.0013,-9.0285,0.9358
2878,850,2.8067,-0.4634,-3.2702,0.9205
2881,3350,3.1010,10.3819,13.4828,0.9581
2888,3776,2.8266,10.3301,13.1568,0.9299
2892,2139,3.1251,7.3736,4.2485,0.8774
2899,2824,2.7806,-6.2474,-9.0281,0.9051
2903,915,3.1050,7.8590,10.9640,0.9220
2907,1640,2.8189,-5.5371,-8.3559,0.9659
2920,1985,2.8260,6.7772,3.9512,0.9331
2923,841,2.8026,8.3246,11.1273,0.9350
2924,1434,2.8020,5.7340,2.9319,0.9267
2945,4258,2.8634,8.1617,5.2983,0.9190
2946,4044,2.6415,0.9139,3.5553,0.9147
2947,3816,2.6310,0.0799,-2.5511,0.9340
2948,4125,2.7405,5.3998,8.1403,0.9022
2949,2644,2.5645,3.7554,1.1909,0.9144
2950,4242,2.6054,5.2693,7.8747,0.9759
2951,2312,2.8272,7.2092,4.3820,0.8871
2952,2770,2.6004,6.6098,9.2102,0.9472
2953,1967,2.5903,5.6993,3.1090,0.8888
2954,4380,2.6907,-1.1584,-3.8491,0.9228
2955,3363,2.5212,6.8203,9.3416,0.8916
2956,1437,2.6397,7.6759,10.3156,0.8954
2957,4424,2.8199,-1.6900,-4.5099,0.9650
2958,4021,2.8322,5.0501,7.8823,0.9454
2959,1779,2.6329,-1.4698,1.1631,0.9396
2960,919,2.5829,2.7154,5.2983,0.9028
2961,4405,2.6898,-0.3980,-3.0879,0.9198
2962,1548,2.6052,3.1970,5.8021,0.9245
2963,3984,2.6737,7.1355,9.8092,0.9146
2964,913,2.6145,4.4756,7.0901,0.9488
2965,2129,2.6433,6.5770,9.2203,0.9199
2966,368,2.6657,3.3589,0.6931,0.9249
2967,4058,2.5324,8.4079,10.9402,0.9195
2968,877,2.7797,3.6960,0.9163,0.9924
2969,4056,2.5233,1.8884,-0.6349,0.9217
2970,3678,2.6343,5.7673,8.4016,0.9384
2971,1495,2.6950,5.1290,7.8240,0.9471
2972,4615,2.5416,7.5456,5.0039,0.8995
2973,1438,2.5871,3.0896,5.6768,0.8867
2974,3974,2.5538,1.7778,4.3316,0.8923
2975,4378,2.6819,4.7226,7.4045,0.9614
2976,2925,2.5709,7.0818,4.5109,0.9249
2977,2918,2.5316,8.3307,5.7991,0.9065
2978,1789,2.5383,2.4807,-0.0576,0.9572
2979,3282,2.8036,6.2936,9.0972,0.9502
2980,275,2.6066,5.5539,8.1605,0.9249
2981,268,2.5912,5.2722,2.6810,0.9058
2982,1302,2.7188,5.8032,8.5220,0.8966
2983,2680,2.5057,6.8876,4.3819,0.9073
2984,3881,2.7883,2.7809,-0.0073,0.9442
2985,3780,2.5736,7.1615,9.7351,0.9391
2986,2384,2.8570,10.5013,13.3582,0.9468
2987,3876,2.9202,-3.2944,-6.2146,0.9136
2989,4431,2.5520,7.3515,9.9035,0.8816
2990,195,2.5851,8.0116,10.5966,0.8900
2991,3919,2.5710,2.2248,4.7958,0.9338
2992,1277,2.6996,6.0047,3.3051,0.8931
2993,4150,2.5940,1.9058,4.4998,0.9331
2994,2836,2.9698,1.8177,4.7876,0.9303
2995,3708,2.6309,9.5752,12.2061,0.9148
2996,4385,2.5261,5.0333,2.5072,0.8717
2997,3673,2.6402,6.3874,9.0276,0.9096
2998,4017,2.5026,5.1279,7.6305,0.9224
3000,3600,2.6243,7.0430,4.4187,0.9066
3001,686,2.5928,3.4258,0.8329,0.9062
3002,3470,2.7764,3.0915,0.3150,0.9087
3003,2484,3.1821,6.8710,3.6889,0.9260
3004,2393,2.6241,6.0754,8.6995,0.8815
3005,2030,2.5352,3.8490,1.3137,0.9007
3006,3664,2.6067,0.7945,3.4012,0.8592
3007,4214,2.5967,5.8458,8.4425,0.8646
3008,1947,2.6160,6.3199,8.9359,0.9043
3010,3505,2.8213,6.1171,3.2958,0.8880
3011,1563,2.6102,10.4179,13.0281,0.9705
3012,16,2.5969,7.2111,9.8080,0.8680
3013,3354,2.6201,7.2051,4.5850,0.8879
3014,3602,2.7516,4.1561,6.9078,0.9276
3015,3795,2.5634,1.9655,-0.5978,0.9217
3017,3221,2.7971,4.3730,7.1701,0.9459
3018,3499,2.5075,8.1867,10.6942,0.9349
3020,3975,2.7358,5.7612,8.4970,0.9142
3021,3611,2.5654,7.8081,10.3735,0.9035
3023,720,2.5418,8.3832,10.9250,0.8924
3024,691,2.9789,9.0516,12.0305,0.9160
3025,2124,2.6560,2.3744,5.0304,0.8869
3026,3461,2.7549,5.7623,8.5172,0.9030
3027,3304,2.6064,1.0922,-1.5141,0.9121
3028,3501,2.8389,4.3312,7.1700,0.9396
3029,247,2.5018,7.9612,10.4630,0.9182
3031,2875,2.7846,3.2068,5.9913,0.9229
3032,3371,2.6073,6.6031,9.2104,0.8886
3033,4562,2.6117,7.4184,10.0301,0.9081
3034,1579,2.6030,2.0414,4.6444,0.8708
3036,4154,2.6705,4.7072,7.3778,0.9605
3037,3889,2.6329,3.4214,0.7885,0.8942
3038,39,2.6592,6.7901,9.4494,0.8940
3039,2541,2.5111,8.7326,11.2437,0.9029
3041,2401,2.6157,6.2016,8.8173,0.8523
3042,658,2.6904,9.3353,12.0258,0.8835
3045,2969,2.7249,-0.3327,-3.0576,0.9077
3047,1443,2.6878,4.9610,7.6487,0.9148
3048,4155,2.6138,-1.0751,-3.6889,0.8904
3049,2063,2.6498,8.5761,11.2259,0.8957
3050,3126,2.5553,7.1604,4.6050,0.9222
3051,392,2.7501,3.7056,0.9555,0.8986
3052,1593,2.5199,4.8223,2.3025,0.9385
3056,794,3.6786,7.9387,11.6173,0.8685
3058,1916,2.5197,7.8412,10.3609,0.9269
3059,718,3.0644,7.7554,10.8198,0.8889
3060,1109,2.5751,10.2473,12.8223,0.8990
3061,1426,2.6715,7.2766,4.6052,0.9527
3064,4059,2.5933,7.9983,10.5916,0.8869
3069,3047,2.5650,6.6941,9.2591,0.9057
3070,142,2.5240,4.6035,2.0794,0.9046
3071,3976,2.8930,7.2751,4.3820,0.8940
3072,3260,2.5801,8.2837,5.7037,0.9122
3076,1036,2.6097,7.3099,4.7003,0.8933
3078,1526,2.5350,1.1762,3.7111,0.9335
3080,1804,2.6577,7.2629,4.6052,0.8991
3081,1608,2.5548,9.1181,6.5633,0.8654
3082,2720,2.5516,3.6266,1.0750,0.9109
3084,3846,2.6075,4.5577,1.9502,0.8660
3086,3527,2.5325,2.8288,5.3613,0.8946
3087,2386,2.6426,6.1713,8.8139,0.9052
3088,4344,2.5463,1.2886,-1.2577,0.9044
3091,1659,2.7235,-0.8884,-3.6120,0.9312
3095,1942,2.5388,6.4901,3.9512,0.9272
3096,2769,2.5611,-1.4625,1.0986,0.9015
3099,3393,2.6037,1.2184,3.8221,0.9300
3100,385,2.6072,4.5023,1.8952,0.8821
3102,13,2.6154,7.4870,10.1023,0.9163
3108,4470,2.5814,1.0208,-1.5607,0.8883
3109,4345,2.5843,6.9281,4.3438,0.8781
3111,3161,2.5799,5.3752,7.9551,0.8862
3112,668,2.5626,2.7111,0.1484,0.9040
3116,2076,2.5400,5.7541,8.2941,0.8838
3120,1914,2.5534,6.9642,4.4108,0.8732
3121,393,2.5049,6.4747,8.9796,0.8720
3125,3323,2.5138,8.9063,6.3925,0.8889
3126,1091,2.5318,7.6340,10.1659,0.8616
3127,2613,2.6175,3.3101,0.6925,0.9107
3128,166,2.5043,9.2318,11.7360,0.9183
3129,4042,2.5618,4.8644,2.3026,0.8978
3130,2052,2.5598,7.3487,9.9085,0.8641
3135,253,2.6789,3.5997,6.2786,0.8746
3136,2633,3.8702,1.5685,-2.3016,0.9025
3140,2067,2.5659,0.9559,-1.6100,0.9307
3143,2611,2.5317,0.2284,-2.3033,0.8604
3144,2668,2.5821,1.4044,-1.1777,0.8739
3154,377,2.5156,5.3067,2.7911,0.8605
3155,3642,2.5897,2.9333,0.3436,0.9023
3157,2582,3.5227,1.8299,-1.6928,0.8550
3165,2740,2.5405,3.0163,5.5568,0.8712
3174,4388,2.5115,-1.1070,-3.6186,0.8406
3175,4376,2.9034,3.5861,0.6828,0.8917
3177,2535,2.5895,7.5371,10.1266,0.8593
3187,2583,2.5778,2.9275,5.5053,0.8697
3188,2328,2.5203,8.1687,10.6890,0.8565
3190,4231,2.5306,7.5961,10.1266,0.9187
3193,4401,2.5076,3.9892,6.4968,0.9335
3194,4427,2.5089,-5.3058,-2.7969,0.9105
3196,669,2.6165,8.2149,5.5984,0.9237
3198,4632,2.5784,5.2457,7.8241,0.8769
3199,1836,2.5435,5.8834,3.3399,0.8600
3205,2646,2.5672,9.9754,12.5425,0.8773
3207,2882,2.6045,4.7857,7.3902,0.8508
3208,3949,2.5272,4.9628,7.4900,0.9032
3212,2995,2.5389,3.4650,6.0039,0.8781
3216,896,2.6225,4.6568,7.2793,0.9118
3224,2988,2.5779,1.8041,4.3820,0.9272
3231,2044,2.6068,1.3053,3.9120,0.8928
3232,4349,2.5305,7.6040,5.0735,0.8508
3237,3160,2.5944,8.1157,5.5213,0.8617
3239,2382,2.5973,0.2182,2.8154,0.8858
3241,2120,2.5102,4.7337,2.2235,0.8255
3242,4450,2.7038,0.8775,3.5813,0.8472
3248,3858,2.5064,0.7165,3.2229,0.8846
3249,791,2.6376,3.5770,6.2146,0.8612
3251,152,2.5181,7.7147,10.2328,0.8953
3252,3299,2.5654,4.9020,7.4674,0.8633
3255,119,2.5249,4.3577,1.8328,0.8429
3259,3549,2.5268,6.4388,3.9120,0.8567
3261,1894,2.5631,3.9523,1.3892,0.8679
3263,4545,2.5544,3.7297,6.2841,0.8384
3275,2522,2.5221,2.7761,5.2982,0.8342
3284,1724,2.5401,4.8684,7.4084,0.8982
3286,1377,2.6462,2.9827,0.3365,0.8709
3291,3840,2.5564,1.4293,3.9857,0.8397
3293,2387,2.8078,1.1063,3.9141,0.8694
3297,3809,2.5427,-3.1267,-5.6694,0.8493
3299,3218,2.5976,0.9831,-1.6144,0.8624
3308,1129,2.5414,4.7100,7.2513,0.8305
3315,2017,2.6386,4.8556,2.2170,0.8702
3318,186,2.8418,8.0913,10.9331,0.8971
3319,1215,2.6017,-0.9049,-3.5066,0.8922
3321,4014,2.6181,0.7423,3.3604,0.8536
3322,1616,2.5030,1.0233,3.5264,0.8713
3325,2088,2.5352,7.1404,4.6052,0.8666
3330,1799,2.6002,-0.3956,-2.9958,0.8229
3331,1508,2.5095,2.5095,0.0000,0.8602
3337,2244,2.6364,4.8591,7.4955,0.8764
3345,3205,2.5442,5.9729,8.5171,0.8217
3349,870,2.5468,0.8047,3.3516,0.8828
3351,1542,2.6097,7.3370,4.7273,0.8847
3352,4266,2.6255,1.8743,4.4998,0.9355
3360,3656,2.6146,6.6910,9.3056,0.8769
3365,2166,2.6919,3.0119,5.7038,0.8698
3368,1421,2.5052,4.4026,6.9078,0.8976
3370,220,2.5378,7.0785,9.6163,0.8933
3371,205,2.5742,-5.2624,-2.6883,0.8805
3377,2840,2.5392,9.2558,6.7166,0.8535
3386,3973,2.5132,-6.3606,-8.8738,0.8442
3400,3451,2.5094,3.6080,1.0987,0.8622
3421,4226,2.3109,6.2063,8.5172,0.8541
3422,2820,2.4054,7.9682,10.3736,0.8353
3423,4449,2.5827,4.3250,6.9078,0.8772
3424,2802,2.4015,4.9508,7.3523,0.8568
3425,3916,2.4085,4.2996,6.7081,0.8658
3426,534,2.2593,5.5239,7.7832,0.8700
3427,3697,2.5532,3.6615,6.2146,0.8544
3428,4250,2.3285,-2.9778,-5.3063,0.9217
3429,2635,2.3092,2.2038,-0.1054,0.8333
3430,2251,2.3410,4.0082,6.3491,0.7960
3431,1950,2.3431,-4.9328,-7.2759,0.8198
3432,3750,2.3044,6.9096,4.6052,0.8235
3433,3063,2.3671,-0.5082,-2.8753,0.8490
3434,81,2.3458,7.2010,9.5467,0.8547
3438,47,2.4723,7.7707,5.2983,0.8762
3440,250,2.2956,8.0093,5.7137,0.8382
3442,3643,2.2571,3.3557,1.0986,0.8663
3443,1826,2.2523,6.7633,4.5110,0.8820
3444,3512,2.4495,3.7671,6.2166,0.8247
3445,3011,2.3049,2.6982,5.0031,0.8546
3446,2090,2.4297,7.4961,9.9257,0.8887
3447,4038,2.2925,1.1498,-1.1427,0.8462
3448,1692,2.3955,5.9218,3.5262,0.8730
3449,4624,2.4071,5.8081,3.4011,0.8843
3450,2614,2.3174,6.2782,3.9608,0.8538
3451,96,2.3364,7.1741,9.5104,0.8597
3452,848,2.4007,2.0165,-0.3842,0.8274
3453,514,2.3530,4.5042,6.8572,0.8324
3454,4629,2.4073,8.9146,6.5073,0.8158
3455,3052,2.3522,7.5513,9.9035,0.8757
3456,4474,2.3343,3.6571,5.9915,0.8715
3457,2759,2.5385,2.6319,5.1705,0.8601
3458,1015,2.2924,7.1411,9.4335,0.8416
3459,2757,2.3476,3.8670,6.2146,0.8383
3460,1577,2.3410,6.0018,8.3428,0.8517
3461,1883,2.4664,-3.2777,-5.7441,0.8654
3462,2255,2.3962,5.0993,7.4955,0.8392
3463,2381,2.3075,6.2646,8.5722,0.8357
3464,448,2.2612,6.7260,8.9871,0.8214
3465,1046,2.3269,6.8807,4.5538,0.8254
3466,148,2.2749,7.9448,5.6699,0.8104
3467,3255,2.3145,5.7804,3.4658,0.8532
3468,2958,2.3985,0.7857,3.1843,0.8560
3469,74,2.4357,8.3842,10.8199,0.8316
3470,3912,2.3690,5.3541,7.7231,0.8481
3471,4559,2.4713,5.1296,7.6009,0.8896
3472,3965,2.2983,1.0615,-1.2368,0.8869
3473,3468,2.4964,-1.2333,-3.7297,0.8381
3475,4148,2.4424,6.7113,9.1538,0.8858
3477,2512,2.3331,-0.6024,-2.9356,0.8146
3478,3406,2.2673,4.7368,7.0041,0.8397
3479,3385,2.5045,3.4461,5.9506,0.8833
3480,737,2.2914,6.8966,4.6052,0.8142
3481,2451,2.3514,0.3566,2.7081,0.8256
3482,2951,2.3312,1.4873,-0.8439,0.8358
3483,2476,2.3448,-0.4358,-2.7806,0.8809
3486,2874,2.3712,1.7281,4.0993,0.8536
3489,3207,2.3832,3.6082,5.9915,0.8519
3490,2344,2.3474,6.7904,9.1378,0.8629
3491,1718,2.3137,5.2872,7.6009,0.8446
3492,3738,2.2880,6.6211,8.9092,0.8363
3493,1450,2.3406,-1.5524,0.7881,0.8057
3494,1099,2.2666,7.1356,9.4022,0.8356
3495,1964,2.3399,6.4309,4.0910,0.8093
3496,1352,2.3382,1.2171,3.5553,0.8459
3497,3158,2.2791,4.0942,1.8151,0.8267
3498,1534,2.3876,4.0565,6.4441,0.8587
3499,4582,2.2723,6.3088,8.5811,0.8352
3500,4323,2.3876,2.1392,-0.2485,0.8274
3501,3121,2.5940,-1.4234,-4.0174,0.8458
3502,522,2.2680,4.3042,6.5722,0.8367
3503,4190,2.5404,2.7566,0.2162,0.8866
3504,1213,2.2835,-1.6416,0.6419,0.8069
3505,3628,2.4050,8.7075,11.1125,0.8291
3506,3521,2.3746,5.5001,7.8747,0.8424
3507,376,2.3174,6.4299,4.1125,0.8688
3509,3100,2.3062,7.5972,9.9035,0.8578
3513,3438,2.4063,8.9574,6.5511,0.8203
3514,1835,2.3111,5.3941,7.7053,0.8295
3517,3396,2.2838,5.0992,2.8154,0.8295
3519,1242,2.2558,-4.7353,-6.9911,0.8460
3520,3999,2.4249,1.1870,-1.2379,0.8232
3521,3782,2.3195,3.1186,5.4381,0.8164
3523,3995,2.2521,4.2813,6.5334,0.8299
3525,1280,2.2653,7.8607,10.1260,0.8562
3526,2041,2.2820,-0.8415,-3.1236,0.8203
3527,44,2.2951,7.8823,10.1773,0.8358
3528,3229,2.3053,-2.3053,0.0000,0.8190
3531,2735,2.2931,0.3270,-1.9661,0.8282
3532,3716,2.2650,3.4618,5.7268,0.8152
3533,1581,2.3818,6.3059,8.6878,0.8271
3535,3374,2.3287,0.5849,-1.7437,0.8669
3536,4232,2.2881,3.5477,1.2595,0.7895
3538,1255,2.4711,7.0763,4.6052,0.7932
3540,262,2.3372,6.0813,8.4185,0.8286
3543,4448,2.2704,10.1096,12.3800,0.8325
3544,2218,2.3437,-0.0545,-2.3981,0.8513
3545,4531,2.2605,8.2848,10.5453,0.8330
3546,2227,2.3059,7.4923,9.7982,0.8180
3549,2690,2.4057,8.6204,6.2146,0.8547
3550,4294,2.3269,6.0646,3.7377,0.8279
3551,4182,2.3329,-1.5303,-3.8632,0.8139
3552,2241,2.3720,7.5364,9.9085,0.8368
3554,230,2.3895,-0.1361,-2.5257,0.8331
3555,3191,2.3108,3.9203,1.6094,0.8241
3559,880,2.5429,0.2402,-2.3027,0.8426
3560,1305,2.2870,6.6196,8.9066,0.8116
3564,2859,2.3896,9.8338,7.4443,0.8175
3565,4051,2.2523,4.1441,6.3964,0.8650
3566,1158,2.3125,7.5184,9.8309,0.8353
3568,1705,2.3786,0.1894,-2.1893,0.8090
3569,1827,2.3382,1.4219,-0.9163,0.8142
3570,3525,2.3235,-6.1936,-8.5172,0.8450
3571,3122,2.3294,5.7569,8.0863,0.8069
3574,545,2.3188,5.5132,7.8320,0.8263
3575,3585,2.2788,9.9665,12.2453,0.8056
3576,1892,2.2836,0.2434,-2.0402,0.8374
3577,2153,2.4535,0.0323,-2.4212,0.8439
3578,4565,2.3100,2.5723,0.2624,0.7924
3579,463,2.2690,6.1810,3.9120,0.8098
3580,3883,2.4013,3.4438,5.8451,0.8079
3583,2023,2.3081,8.6410,10.9490,0.8429
3584,349,2.2645,8.0336,5.7691,0.8225
3585,3997,2.3035,6.0346,8.3381,0.7656
3587,3942,2.3236,2.3678,4.6913,0.7857
3590,3721,2.5280,-2.8537,-5.3817,0.8601
3591,2831,2.2955,3.6960,5.9915,0.8481
3593,1927,2.2587,7.3276,5.0689,0.8535
3594,3848,2.2571,7.3751,5.1180,0.8233
3595,2362,2.2542,-0.4885,-2.7426,0.8186
3596,893,2.2633,-0.3959,-2.6592,0.8297
3599,4498,2.3398,8.1789,10.5187,0.8098
3600,1798,2.3460,7.1927,9.5387,0.8295
3601,3443,2.4870,6.5880,4.1010,0.8167
3602,1531,2.3884,6.7707,9.1591,0.8300
3603,3945,2.3459,-2.0854,-4.4312,0.8275
3606,4426,2.3453,6.6878,4.3425,0.8330
3607,334,2.3819,4.8035,7.1854,0.8519
3608,1601,2.3141,7.4624,9.7765,0.8186
3609,2618,2.3636,7.2688,4.9053,0.8781
3610,3740,2.3843,-1.1222,-3.5066,0.8133
3612,2127,2.3581,3.3487,5.7069,0.8408
3622,863,2.2559,4.6005,6.8564,0.8053
3624,182,2.2642,8.5064,10.7706,0.8089
3633,1740,2.4764,8.8234,11.2997,0.8204
3635,1289,2.3411,0.2433,-2.0978,0.8417
3639,123,2.2783,0.8840,-1.3943,0.8374
3640,3152,2.2653,1.0613,-1.2040,0.8104
3643,899,2.3866,3.7445,6.1312,0.8060
3648,3283,2.2802,4.2709,6.5511,0.8041
3649,784,2.2958,8.1247,5.8289,0.8180
3650,4523,2.2558,-5.5685,-7.8243,0.8254
3651,3098,2.3512,6.0607,8.4118,0.8083
3652,2575,2.3327,6.8897,4.5570,0.8229
3655,944,2.2672,6.1252,8.3924,0.8452
3660,1440,2.2529,-0.9660,-3.2189,0.8114
3661,3601,2.3018,1.2535,3.5553,0.7926
3667,2474,2.3850,4.6180,7.0031,0.7577
3668,4371,2.2600,3.6095,1.3495,0.8110
3669,627,2.3052,6.6173,8.9225,0.7902
3670,2683,2.3246,1.2575,-1.0671,0.8110
3671,3166,2.6416,8.7509,6.1093,0.7953
3674,3168,2.5470,8.7374,6.1903,0.8334
3680,3033,2.8054,5.4886,8.2941,0.8445
3681,2584,2.3021,3.4335,1.1314,0.8365
3683,322,2.3145,5.5333,7.8478,0.7850
3685,252,2.2785,6.6898,8.9683,0.7994
3687,3202,2.2798,5.8605,8.1403,0.8456
3688,2220,2.3774,5.1126,7.4900,0.8407
3689,14,2.2972,6.5313,4.2341,0.8265
3691,2175,2.2980,6.9123,9.2103,0.8352
3692,3812,2.3140,-1.1281,-3.4420,0.8538
3700,912,2.5297,7.8955,10.4252,0.8223
3701,1592,2.3161,2.9822,5.2983,0.8087
3703,214,2.5236,-1.2932,-3.8168,0.8426
3705,3108,2.6904,-5.3575,-8.0480,0.8423
3706,2353,2.2625,3.6684,5.9309,0.8481
3707,134,2.3365,6.7685,9.1050,0.8741
3709,1999,2.4086,8.1881,10.5967,0.8370
3710,4208,2.2564,2.7271,0.4707,0.8484
3711,4072,2.2627,1.3464,-0.9163,0.8078
3715,4047,2.7247,4.6017,7.3265,0.8315
3718,227,2.2843,-0.7115,-2.9957,0.8267
3721,3267,2.4891,6.9035,9.3927,0.8220
3722,2482,2.2590,7.4088,9.6678,0.8296
3725,2538,2.3834,8.7268,6.3434,0.7868
3726,3263,2.2742,7.2510,9.5252,0.7921
3729,3923,2.2657,1.3910,-0.8747,0.8031
3730,3384,2.5355,-5.2154,-7.7509,0.8433
3731,3326,3.4707,-4.4869,-7.9576,0.7735
3732,1105,2.2685,3.9965,6.2650,0.8035
3733,3306,4.2478,-3.1220,-7.3698,0.8041
3734,4304,2.3688,8.8828,11.2516,0.7864
3737,3170,2.3021,-1.7153,-4.0174,0.8185
3745,4267,2.2884,7.2294,9.5178,0.8410
3750,3133,2.2878,7.1048,9.3926,0.7728
3757,3613,2.5022,-1.4098,-3.9120,0.8582
3759,2219,2.2651,4.7381,7.0031,0.8210
3760,1621,2.5390,4.6908,2.1518,0.8007
3765,175,2.2930,6.7861,4.4931,0.8058
3767,109,2.3448,7.9433,5.5984,0.8679
3768,2818,2.4054,2.7541,5.1595,0.8368
3769,2947,2.3274,2.7309,0.4035,0.8179
3770,1345,2.5332,4.7418,2.2086,0.7841
3771,2383,2.3030,3.0960,0.7930,0.8356
3782,2078,2.2749,5.2710,2.9961,0.7994
3783,1044,2.3674,7.2483,9.6157,0.7768
3787,3899,2.2750,3.7411,6.0161,0.7608
3791,292,2.3059,4.2911,1.9852,0.8253
3795,2905,2.3674,5.8050,3.4376,0.7966
3796,4441,2.2755,0.7383,-1.5372,0.7861
3797,2315,2.2571,2.3480,4.6052,0.8109
3798,1949,2.2712,-0.3881,-2.6593,0.8161
3799,2318,2.3571,4.6597,2.3026,0.7784
3800,1588,2.3216,2.4320,4.7536,0.8477
3804,4592,2.2618,6.5031,4.2413,0.7760
3811,1539,2.2599,5.7564,3.4965,0.7639
3815,1027,2.2653,2.0252,4.2905,0.8336
3832,94,2.2749,5.9138,8.1887,0.7900
3835,4219,2.2518,4.1470,6.3988,0.8164
3841,2700,2.2620,3.2916,1.0296,0.7960
3845,4199,2.2820,4.3239,6.6059,0.8306
3847,2885,2.3024,8.6462,6.3439,0.8238
3848,1928,2.2779,7.1793,9.4572,0.8138
3854,1686,2.4428,3.7718,6.2147,0.8020
3863,2791,2.3468,-0.4665,-2.8133,0.7867
3867,2376,2.2680,5.4237,7.6917,0.7988
3869,4302,2.2538,-1.1666,-3.4204,0.7944
3871,3343,2.2747,4.0709,6.3456,0.7844
3878,4296,2.2612,4.6466,6.9078,0.8212
3885,4475,2.6030,-0.9833,-3.5863,0.8092
3893,4382,2.4509,-1.1610,-3.6119,0.7851
3906,4348,2.4645,4.1475,6.6120,0.7737
3912,1177,2.3523,1.6592,-0.6932,0.7954
3913,3092,2.2896,6.6723,8.9619,0.7909
3921,1205,2.2629,7.4559,5.1930,0.8521
3923,2487,2.3105,6.8999,9.2104,0.7732
3925,1117,2.3057,7.5777,9.8834,0.7977
3927,739,2.5442,5.9730,8.5172,0.7844
3929,2686,2.2532,8.6435,10.8967,0.7895
3931,3833,2.2731,-0.7226,-2.9957,0.7930
3935,4033,2.2708,8.9677,11.2385,0.7622
3936,1245,2.2833,3.7943,6.0776,0.8346
3939,3440,2.2950,-0.0228,2.2721,0.8190
3942,3693,2.2848,-2.9366,-5.2214,0.8425
3950,4458,2.3153,3.5380,5.8533,0.7947
3952,2866,2.2869,8.2112,5.9242,0.7995
3958,2365,2.2545,4.2225,6.4770,0.7851
3968,1555,2.2620,6.0320,8.2941,0.8090
3974,351,2.2904,6.0806,8.3710,0.8055
3979,3819,2.3385,7.1570,9.4955,0.7845
3980,3398,2.2627,7.0334,4.7707,0.7662
3988,785,2.3024,0.8967,-1.4057,0.7701
4001,3529,2.3596,6.9730,9.3326,0.8004
4002,2351,2.2693,6.8898,9.1591,0.7953
4003,3390,2.3074,1.1034,-1.2040,0.8158
4005,820,2.4163,6.9162,9.3326,0.8082
4026,1102,2.2465,6.0723,8.3187,0.8124
4027,885,2.0713,6.4459,8.5172,0.7879
4028,2366,2.0584,4.0044,1.9459,0.7952
4029,2437,2.3883,6.7702,4.3819,0.8083
4030,911,2.1391,5.6850,7.8240,0.7777
4031,464,2.2073,8.5215,10.7288,0.8056
4032,4204,2.0553,-0.8551,-2.9105,0.7724
4033,4584,2.0866,4.5585,6.6451,0.8204
4034,3532,2.1916,1.2753,-0.9163,0.7530
4035,1528,2.1158,7.2765,9.3924,0.7915
4036,3686,2.1067,3.1917,5.2984,0.8050
4037,2712,2.1846,8.2012,10.3858,0.7683
4038,4597,2.1125,3.2345,5.3470,0.7937
4040,4472,2.2154,4.1596,6.3750,0.7751
4041,4237,2.1971,6.8023,4.6052,0.8205
4042,4163,2.0676,9.6844,11.7519,0.7800
4043,2949,2.1092,1.7515,3.8607,0.8064
4044,933,2.1645,6.9730,9.1375,0.7710
4045,2851,2.1979,6.9516,9.1495,0.8253
4046,2285,2.2932,4.6921,2.3988,0.8368
4047,4581,2.0660,3.3851,5.4510,0.7527
4048,3275,2.0267,6.1211,4.0943,0.7878
4050,869,2.1668,7.3800,9.5468,0.8212
4051,290,2.1736,5.9870,8.1605,0.7943
4052,1493,2.2103,-0.9839,-3.1942,0.7820
4053,1463,2.2205,-4.4022,-6.6227,0.8128
4054,482,2.2413,5.5735,3.3322,0.7735
4055,2811,2.2171,3.1945,5.4116,0.7710
4056,652,2.1597,7.3908,5.2311,0.7629
4057,930,2.2378,-1.2688,-3.5066,0.7974
4058,1742,2.3174,0.6777,2.9951,0.8370
4059,4020,2.1408,7.9857,10.1266,0.7825
4060,407,2.1122,5.7119,7.8240,0.7826
4061,4563,2.0481,-3.5515,-5.5996,0.7580
4062,286,2.1050,8.3206,6.2156,0.7742
4063,3735,2.0533,0.4326,2.4859,0.7822
4064,333,2.2888,6.2654,8.5543,0.7790
4065,2939,2.1380,3.7544,5.8924,0.7667
4067,1737,2.1464,7.7562,9.9026,0.7826
4068,1505,2.1417,4.8613,7.0031,0.7496
4069,665,2.1086,8.0002,5.8916,0.7599
4070,2506,2.0478,-0.7491,-2.7969,0.7743
4071,2986,2.0360,9.0765,11.1125,0.8016
4072,2492,2.1464,4.6801,2.5337,0.7911
4074,2435,2.1086,7.8124,5.7038,0.7819
4075,2109,2.1251,6.9927,4.8675,0.7318
4076,4111,2.2255,-1.7326,-3.9581,0.7576
4078,4497,2.0533,4.6346,2.5813,0.8135
4079,803,2.0634,7.4093,9.4727,0.7845
4080,1783,2.2475,8.4535,10.7010,0.7933
4081,1032,2.0548,7.1554,9.2102,0.8158
4082,1966,2.1206,8.8267,10.9473,0.7744
4083,2064,2.1029,3.0151,5.1180,0.7682
4085,1510,2.2598,5.0885,2.8288,0.7808
4087,4367,2.1255,8.6903,10.8158,0.7792
4088,2468,2.4151,8.1815,10.5966,0.8012
4090,48,2.1238,7.7855,9.9093,0.7862
4091,176,2.0514,9.9743,12.0258,0.7866
4092,581,2.0343,8.0683,10.1027,0.7857
4093,3935,2.2322,8.5450,10.7772,0.8051
4094,3360,2.3437,4.6311,2.2875,0.7770
4096,2361,2.0331,8.2691,10.3023,0.7846
4097,447,2.1760,6.4244,4.2484,0.7934
4102,3135,2.1112,6.1890,4.0777,0.7606
4103,2112,2.2338,-1.7835,-4.0174,0.7847
4104,3815,2.1442,8.6756,10.8198,0.7666
4105,1427,2.1536,8.1160,10.2696,0.7697
4106,637,2.0628,6.2313,8.2941,0.8183
4108,1698,2.0342,3.4046,5.4388,0.7989
4110,1455,2.0904,5.0066,2.9162,0.7876
4114,2692,2.0910,7.9032,9.9942,0.8138
4115,361,2.0681,6.0924,8.1605,0.8103
4118,356,2.0403,7.7798,9.8201,0.7884
4119,3808,2.0824,0.0345,-2.0479,0.7785
4120,4108,2.1696,2.2740,4.4436,0.8067
4121,950,2.0399,2.5653,4.6052,0.7514
4123,4353,2.1556,1.2976,3.4532,0.7764
4124,3904,2.2180,2.0995,4.3175,0.7825
4125,1366,2.1120,0.1095,-2.0025,0.7551
4126,3792,2.0513,1.5404,-0.5108,0.7643
4127,2594,2.0983,2.8922,4.9904,0.7394
4128,4164,2.2938,-6.2747,-8.5685,0.7654
4129,2264,2.1741,4.8289,7.0031,0.7775
4130,2252,2.1806,2.8946,5.0752,0.7856
4133,185,2.1095,7.0907,9.2003,0.7936
4134,3726,2.0509,3.2265,1.1756,0.7565
4135,1171,2.0627,4.1422,2.0794,0.7692
4136,4325,2.4025,-5.8512,-8.2538,0.7735
4137,3006,2.2395,4.4451,6.6846,0.7917
4140,343,2.0866,-5.7183,-7.8049,0.7781
4142,461,2.1068,8.2809,6.1741,0.8121
4143,1769,2.0913,4.1634,6.2547,0.7986
4144,914,2.0428,6.0019,8.0447,0.7573
4146,1853,2.0647,3.8464,5.9111,0.7817
4148,3688,2.0975,2.5114,4.6089,0.7755
4149,1788,2.2726,-1.1509,1.1217,0.7867
4150,2081,2.2562,6.5492,8.8054,0.7869
4151,1430,2.1034,4.4758,6.5793,0.7545
4152,2566,2.0492,7.3475,5.2983,0.7889
4155,3581,2.3497,7.1458,9.4955,0.7825
4156,1235,2.1193,7.5357,9.6550,0.7688
4157,248,2.1059,6.2734,8.3793,0.7672
4161,1042,2.0825,2.2685,4.3510,0.7749
4162,1004,2.0457,-6.1115,-8.1572,0.7438
4164,365,2.0681,6.8277,8.8958,0.7425
4167,2349,2.1185,6.4943,4.3758,0.7570
4168,4002,2.0942,1.4611,3.5553,0.7767
4173,154,2.0468,7.9329,5.8861,0.7763
4174,3742,2.0471,8.8270,6.7799,0.7607
4175,2410,2.0353,5.3312,3.2958,0.7567
4176,4317,2.0471,1.2922,3.3393,0.7536
4177,3286,2.0639,6.4116,8.4755,0.7864
4178,1666,2.0596,3.5011,5.5607,0.7873
4179,3480,2.1139,8.4401,6.3262,0.7302
4180,3361,2.1447,6.7348,4.5901,0.7709
4181,2189,2.2080,7.8353,10.0433,0.7596
4183,821,2.0543,5.4129,7.4672,0.7582
4184,1513,2.0967,7.3988,9.4955,0.7732
4185,2937,2.1283,6.4471,8.5755,0.8086
4186,1879,2.1492,6.3325,8.4817,0.7918
4187,2723,2.0588,7.7288,5.6699,0.7657
4188,1632,2.0652,-3.2414,-5.3066,0.7769
4189,3287,2.1680,5.9752,8.1432,0.7434
4190,500,2.1067,7.3660,9.4727,0.7785
4193,1169,2.0658,6.2450,4.1791,0.7750
4196,1179,2.0641,7.6591,9.7232,0.7192
4199,3266,2.0521,4.6848,6.7370,0.7691
4201,3243,2.0500,4.6321,6.6821,0.7463
4202,194,2.0971,-0.3109,-2.4081,0.7619
4206,1292,2.0783,3.6255,5.7038,0.7667
4213,1458,2.1083,-0.0458,-2.1542,0.7571
4214,1838,2.0277,6.6379,8.6656,0.7615
4216,3242,2.0674,8.6644,10.7318,0.7752
4219,2724,2.3673,6.6199,8.9872,0.7771
4220,3240,2.1079,8.6198,10.7277,0.7618
4221,3481,2.0820,7.1283,9.2103,0.7777
4222,2330,2.0266,8.1001,10.1266,0.7359
4224,57,2.0642,2.4007,0.3365,0.7542
4228,2339,2.0272,7.9624,9.9896,0.7979
4232,2783,2.2304,7.2423,9.4727,0.7652
4235,3844,2.0416,3.8185,1.7768,0.7522
4239,4032,2.0831,6.7371,4.6540,0.7679
4241,613,2.0539,6.9939,9.0478,0.7699
4243,4585,2.1089,6.0048,8.1137,0.7595
4244,2405,2.1404,3.3851,5.5255,0.7313
4245,662,2.1160,7.5185,9.6345,0.7705
4249,2713,2.2207,-0.7553,-2.9759,0.7829
4251,2659,2.1081,1.8039,3.9120,0.7614
4252,2489,2.2079,7.2800,9.4880,0.8003
4255,4215,2.0860,-3.2203,-5.3063,0.7575
4259,4130,2.0418,7.5806,9.6225,0.7436
4261,678,2.0616,8.4586,6.3969,0.7417
4266,1108,2.1807,8.1282,10.3089,0.7978
4277,3309,2.2993,-2.0748,-4.3741,0.7340
4284,408,2.0263,7.9164,9.9427,0.7522
4285,3201,2.1694,4.5152,6.6846,0.7377
4288,2546,2.1299,7.9724,10.1023,0.8196
4290,2250,2.0368,6.9038,4.8671,0.6995
4291,4414,2.0604,2.7271,4.7875,0.7250
4292,935,2.1949,7.8509,5.6560,0.7744
4293,4124,2.4808,-4.6504,-7.1312,0.7866
4295,23,2.0323,6.9220,4.8898,0.7196
4297,1189,2.0594,8.0672,10.1266,0.7624
4303,1861,2.0755,3.9402,6.0157,0.7357
4304,446,2.0478,-0.2548,-2.3026,0.7890
4305,2961,2.0404,2.7335,0.6932,0.7865
4308,2649,2.0894,6.1838,4.0943,0.7458
4310,2206,2.0729,6.8940,8.9669,0.7414
4312,1714,2.1106,8.2535,10.3641,0.7737
4314,111,2.0941,4.3890,6.4831,0.7488
4316,875,2.1905,4.1725,6.3630,0.7767
4317,3192,2.0722,8.0636,5.9915,0.7700
4324,826,2.0525,-7.2628,-5.2104,0.7560
4331,2430,2.0683,4.2232,6.2916,0.8132
4334,3208,2.0488,5.7753,7.8240,0.7418
4337,2998,2.1720,3.8441,6.0162,0.7761
4339,181,2.0275,7.1316,9.1591,0.7763
4344,4158,2.0633,4.7830,6.8464,0.7620
4348,2015,2.0460,6.9058,4.8598,0.7460
4349,3703,2.0621,6.1266,8.1887,0.7696
4350,1936,2.0358,6.9918,9.0276,0.7276
4351,2154,2.1231,8.9318,11.0549,0.7447
4352,765,2.1073,4.7596,6.8669,0.7469
4353,3956,2.0381,8.1123,10.1503,0.7854
4356,2515,2.0316,6.8915,4.8598,0.7403
4357,2530,2.0521,7.0356,9.0877,0.7516
4362,860,2.1060,4.8018,6.9078,0.7161
4370,3382,2.0408,7.1160,5.0752,0.7534
4376,2459,2.0292,1.6083,3.6375,0.6982
4380,2536,2.0616,7.2972,9.3588,0.8221
4381,993,2.1584,5.0857,7.2442,0.7059
4383,866,2.0500,6.4673,8.5173,0.7306
4384,2622,2.1416,6.8074,8.9490,0.7960
4387,1367,2.0670,7.7714,5.7044,0.7615
4391,2304,2.0920,7.1283,9.2203,0.7499
4395,3626,2.0507,3.4080,5.4587,0.7632
4402,3482,2.0620,9.3753,7.3133,0.7235
4405,1298,2.1067,5.6253,7.7319,0.7392
4406,2856,2.0447,7.1657,9.2103,0.7530
4408,3014,2.1299,8.3332,10.4631,0.7676
4424,4499,2.0892,8.3271,10.4163,0.7658
4431,122,2.0489,4.0703,6.1192,0.7865
4433,1968,2.0827,8.7371,10.8198,0.7466
4441,3234,2.0301,0.8261,-1.2041,0.7304
4445,2398,2.0508,6.0808,8.1315,0.7506
4451,1502,2.1314,0.9329,-1.1985,0.7555
4461,4623,2.0340,9.8581,7.8240,0.7333
4463,2380,2.1220,-0.6114,-2.7334,0.7441
4473,660,2.1521,-5.8048,-7.9569,0.7515
4475,4614,2.2089,2.7967,0.5878,0.7543
4476,1544,2.0609,6.3055,8.3664,0.7341
4479,3239,2.0533,6.4954,8.5487,0.7460
4484,2544,2.1950,-0.2503,-2.4453,0.7862
4486,160,2.1137,3.1333,5.2471,0.7711
4490,3839,2.1824,4.2633,6.4457,0.7724
4495,3015,2.2199,7.7806,5.5607,0.7606
4498,3720,2.0719,7.4746,5.4027,0.7816
4500,1522,2.2926,1.4874,-0.8052,0.7393
4503,2504,2.0725,1.6980,3.7705,0.7264
4504,1530,2.2669,2.1637,-0.1031,0.6975
4505,135,2.0641,8.2647,10.3288,0.7422
4507,3706,2.1265,7.2078,5.0813,0.7400
4511,4354,2.0687,3.4037,1.3350,0.7361
4517,4066,2.0763,8.3301,6.2538,0.7542
4518,1368,2.0943,6.7869,8.8812,0.7274
4519,320,2.0444,6.9675,9.0119,0.7658
4523,833,2.0632,7.2424,9.3056,0.7616
4529,65,2.0546,8.0335,5.9789,0.7611
4531,2557,2.0390,0.0439,-1.9951,0.7628
4540,2576,2.0935,0.6535,-1.4400,0.7479
4551,4205,2.3344,7.1219,4.7875,0.7781
4564,2186,2.0411,-0.1131,-2.1542,0.7101
4574,2005,2.1039,7.6837,5.5797,0.7498
4577,2422,2.2506,0.8067,-1.4439,0.7856
4579,263,2.0535,8.3507,10.4043,0.7494
4582,1908,2.0404,8.7794,10.8198,0.7509
4586,4558,2.1708,7.9160,10.0867,0.7841
4591,521,2.0311,7.4644,9.4955,0.7340
4592,2645,2.0605,4.1854,2.1250,0.7325
4593,2337,2.0612,5.5365,7.5977,0.7189
4596,1419,2.1227,5.4783,7.6010,0.7324
4597,1858,2.0560,3.4422,1.3863,0.7483
4598,2420,2.0286,3.9627,5.9913,0.7155
4609,3894,2.0705,6.5479,4.4773,0.7301
